ChEMBL_ID,SMILES,pIC50
CHEMBL68920,Cc1cc(C)c(/C=C2\C(=O)Nc3ncnc(Nc4ccc(F)c(Cl)c4)c32)[nH]1,7.3872161432802645
CHEMBL68920,Cc1cc(C)c(/C=C2\C(=O)Nc3ncnc(Nc4ccc(F)c(Cl)c4)c32)[nH]1,6.522878745280337
CHEMBL68920,Cc1cc(C)c(/C=C2\C(=O)Nc3ncnc(Nc4ccc(F)c(Cl)c4)c32)[nH]1,5.106793246940152
CHEMBL69960,Cc1cc(C(=O)N2CCOCC2)[nH]c1/C=C1\C(=O)Nc2ncnc(Nc3ccc(F)c(Cl)c3)c21,6.769551078621726
CHEMBL69960,Cc1cc(C(=O)N2CCOCC2)[nH]c1/C=C1\C(=O)Nc2ncnc(Nc3ccc(F)c(Cl)c3)c21,7.3979400086720375
CHEMBL69960,Cc1cc(C(=O)N2CCOCC2)[nH]c1/C=C1\C(=O)Nc2ncnc(Nc3ccc(F)c(Cl)c3)c21,6.356547323513812
CHEMBL137635,CN(c1ccccc1)c1ncnc2ccc(N/N=N/Cc3ccccn3)cc12,5.031517051446065
CHEMBL306988,CC(=C(C#N)C#N)c1ccc(NC(=O)CCC(=O)O)cc1,3.3010299956639813
CHEMBL66879,O=C(O)/C=C/c1ccc(O)cc1,2.5228787452803374
CHEMBL77085,N#CC(C#N)=Cc1cc(O)ccc1[N+](=O)[O-],4.017728766960431
CHEMBL443268,Cc1cc(C(=O)NCCN2CCOCC2)[nH]c1/C=C1\C(=O)N(C)c2ncnc(Nc3ccc(F)c(Cl)c3)c21,5.274905478918531
CHEMBL76979,COc1cc(/C=C(\C#N)C(=O)O)cc(OC)c1O,3.5783960731301687
CHEMBL76589,N#CC(C#N)=C(N)/C(C#N)=C/c1ccc(O)cc1,6.903089986991944
CHEMBL77724,COc1cc(C=C(C#N)C#N)cc(OC)c1,2.9030899869919438
CHEMBL420385,N#CC(C#N)=Cc1ccc(N2CCOCC2)cc1,3.2041199826559246
CHEMBL76904,N#CC(C#N)=Cc1ccc(O)c(O)c1,4.455931955649724
CHEMBL1009,N[C@@H](Cc1ccc(O)c(O)c1)C(=O)O,3.0457574905606752
CHEMBL304271,CCN(CC)CC(O)CNC(=O)c1cc(C)c(/C=C2\C(=O)Nc3ncnc(Nc4ccc(F)c(Cl)c4)c32)[nH]1,9.346787486224656
CHEMBL296407,N#C/C(=C\c1ccc(O)c(O)c1)C(N)=O,5.0
CHEMBL309625,N#CC(C#N)=C(N)/C(C#N)=C/c1ccc(O)c([N+](=O)[O-])c1,4.221848749616356
CHEMBL77825,COc1ccc(NN=C(C#N)C#N)cc1,3.221848749616356
CHEMBL421877,COc1cc(C=C(C#N)C#N)cc(OC)c1O,3.070581074285707
CHEMBL310798,N#CC(C#N)=Cc1cc(O)c(O)c(O)c1,5.522878745280337
CHEMBL135592,C/N=N/Nc1ccc2ncnc(N(C)c3ccccc3)c2c1,5.096910013008056
CHEMBL309866,N#C/C(=C\c1ccc([N+](=O)[O-])cc1)C(=O)O,2.886056647693163
CHEMBL77381,N#C/C(=C/c1ccc[nH]1)C(=O)O,2.8664610916297826
CHEMBL76602,N#C/C(=C\c1ccc(O)cc1)C(=O)O,3.7825160557860937
CHEMBL77737,N#CC(C#N)=Cc1ccncc1,3.6020599913279625
CHEMBL76983,N#CC(C#N)=Cc1ccc(F)cc1,2.9030899869919438
CHEMBL308134,N#CC(C#N)=Cc1ccc(O)c([N+](=O)[O-])c1,3.9030899869919438
CHEMBL136491,CN(C)/N=N/c1ccc2ncnc(Nc3cccc(Cl)c3)c2c1,7.853871964321762
CHEMBL77280,CC(=C(C#N)C#N)c1ccc(N)cc1,2.9030899869919438
CHEMBL76557,N#CCNC(=O)/C(C#N)=C/c1ccc(O)cc1,3.2041199826559246
CHEMBL336113,Cc1cccc(Nc2ncnc3ccc(N)cc23)c1,6.0
CHEMBL133024,C/N=N/Nc1ccc2ncnc(Nc3cccc(Cl)c3)c2c1,7.0
CHEMBL344652,CN(C)/N=N/c1ccc2ncnc(N(C)c3ccccc3)c2c1,4.874518734299406
CHEMBL77814,N#CC(C#N)=CNc1ccc(O)cc1,3.4559319556497243
CHEMBL47986,O=CN/C=C/c1cc(O)ccc1O,4.853871964321762
CHEMBL138125,Brc1cccc(Nc2ncnc3ccc(N/N=N/Cc4ccccn4)cc23)c1,6.623423042943488
CHEMBL137364,Brc1cccc(Nc2ncnc3ccc(N/N=N/CCN4CCOCC4)cc23)c1,7.1938200260161125
CHEMBL308339,N#CC(C#N)=C1C(=O)NC(=O)NC1=O,2.853871964321762
CHEMBL78174,N#CC(C#N)=Cc1ccc(C(=O)O)cc1,3.3665315444204134
CHEMBL302552,O=C1Nc2ncnc(Nc3ccc(F)c(Cl)c3)c2/C1=C/c1ccc(C(=O)NCCN2CCOCC2)[nH]1,7.657577319177793
CHEMBL309598,N#CC(C#N)=C(O)c1cc(O)c(O)c(O)c1,4.8696662315049934
CHEMBL78302,COc1ccc(C=C(C#N)C#N)cc1O,3.6020599913279625
CHEMBL67057,Cc1cc(C(=O)N2CCOCC2)[nH]c1/C=C1\C(=O)Nc2ncnc(Nc3ccc4c(ccn4Cc4ccccc4)c3)c21,8.346787486224656
CHEMBL67057,Cc1cc(C(=O)N2CCOCC2)[nH]c1/C=C1\C(=O)Nc2ncnc(Nc3ccc4c(ccn4Cc4ccccc4)c3)c21,7.0
CHEMBL332096,Nc1ccc2ncnc(NCc3ccccc3)c2c1,6.29413628771608
CHEMBL77387,N#CC(C#N)=Cc1ccc([N+](=O)[O-])c(O)c1,3.3467874862246565
CHEMBL432903,CCN(CC)CCNC(=O)c1c(C)[nH]c(/C=C2\C(=O)Nc3ncnc(Nc4ccc(F)c(Cl)c4)c32)c1C,6.698970004336019
CHEMBL69964,Cc1cc(/C=C2\C(=O)Nc3ncnc(Nc4ccc(F)c(Cl)c4)c32)[nH]c1C(=O)N1CCN(C)CC1,6.6777807052660805
CHEMBL65848,Cc1cc(C(=O)N2CCOCC2)[nH]c1/C=C1\C(=O)Nc2ncnc(Nc3ccc4c(c3)CCC4)c21,5.85078088734462
CHEMBL65848,Cc1cc(C(=O)N2CCOCC2)[nH]c1/C=C1\C(=O)Nc2ncnc(Nc3ccc4c(c3)CCC4)c21,5.301029995663981
CHEMBL65848,Cc1cc(C(=O)N2CCOCC2)[nH]c1/C=C1\C(=O)Nc2ncnc(Nc3ccc4c(c3)CCC4)c21,5.364516253185088
CHEMBL78184,N#C/C(=C\c1ccc(F)cc1)C(=O)O,3.0793549985932125
CHEMBL76985,N#C/C(=C\c1ccc(C=O)cc1)C(=O)O,4.327902142064283
CHEMBL145,O=C(O)/C=C/c1ccc(O)c(O)c1,2.9208187539523753
CHEMBL69629,Cc1cc(C(=O)NCCN2CCOCC2)[nH]c1/C=C1\C(=O)Nc2ncnc(Nc3ccc(F)c(Cl)c3)c21,8.187086643357144
CHEMBL69629,Cc1cc(C(=O)NCCN2CCOCC2)[nH]c1/C=C1\C(=O)Nc2ncnc(Nc3ccc(F)c(Cl)c3)c21,7.3979400086720375
CHEMBL69629,Cc1cc(C(=O)NCCN2CCOCC2)[nH]c1/C=C1\C(=O)Nc2ncnc(Nc3ccc(F)c(Cl)c3)c21,5.688246138944246
CHEMBL136492,CN(c1ccccc1)c1ncnc2ccc(N)cc12,5.075720713938118
CHEMBL77197,COc1cc(/C(C)=C(\C#N)C(=O)O)ccc1O,2.958607314841775
CHEMBL305695,N#CC(C#N)=Cc1ccc(O)cc1,3.2518119729937993
CHEMBL68258,Cc1cc(C(=O)N2CCOCC2)[nH]c1/C=C1\C(=O)Nc2ncnc(N3CCCCC3)c21,4.698970004336019
CHEMBL76587,N#CC(C#N)Cc1ccc(O)cc1,2.1870866433571443
CHEMBL77456,COc1ccc(C=C(C#N)C#N)cc1,2.9030899869919438
CHEMBL66570,CCN1CCN(C(=O)c2cc(C)c(/C=C3\C(=O)Nc4ncnc(Nc5ccc(F)c(Cl)c5)c43)[nH]2)CC1,7.886056647693163
CHEMBL66570,CCN1CCN(C(=O)c2cc(C)c(/C=C3\C(=O)Nc4ncnc(Nc5ccc(F)c(Cl)c5)c43)[nH]2)CC1,6.698970004336019
CHEMBL66570,CCN1CCN(C(=O)c2cc(C)c(/C=C3\C(=O)Nc4ncnc(Nc5ccc(F)c(Cl)c5)c43)[nH]2)CC1,5.1249387366083
CHEMBL308048,N#C/C(=C\c1ccc(O)cc1)C(N)=O,3.0969100130080562
CHEMBL311119,N#CC(C#N)=Cc1ccc(C=O)cc1,4.221848749616356
CHEMBL76905,N#CC(C#N)=Cc1cc(O)cc(O)c1,4.431798275933005
CHEMBL77524,COc1ccc(/C=C(\C#N)C(=O)O)cc1,3.0793549985932125
CHEMBL305194,Cc1cc(C(=O)O)[nH]c1/C=C1\C(=O)Nc2ncnc(Nc3ccc(F)c(Cl)c3)c21,7.5376020021010435
CHEMBL305194,Cc1cc(C(=O)O)[nH]c1/C=C1\C(=O)Nc2ncnc(Nc3ccc(F)c(Cl)c3)c21,5.301029995663981
CHEMBL305194,Cc1cc(C(=O)O)[nH]c1/C=C1\C(=O)Nc2ncnc(Nc3ccc(F)c(Cl)c3)c21,4.301029995663981
CHEMBL307250,COc1cc(/C=C(\C#N)C(=O)O)ccc1O,3.4881166390211256
CHEMBL80155,COc1cc(C=C(C#N)C#N)cc(O)c1O,5.221848749616356
CHEMBL343352,Nc1ccc2ncnc(Nc3cccc(Cl)c3)c2c1,6.698970004336019
CHEMBL52765,Nc1ccc2ncnc(Nc3cccc(Br)c3)c2c1,7.356547323513812
CHEMBL311564,COc1ccc(C(O)=C(C#N)C#N)cc1,3.3467874862246565
CHEMBL76642,N#C/C(=C/c1cc(O)ccc1O)C(=O)O,4.1249387366083
CHEMBL308645,Cc1cc(CCC(=O)O)[nH]c1/C=C1\C(=O)Nc2ncnc(Nc3ccc(F)c(Cl)c3)c21,8.327902142064282
CHEMBL67003,Cc1cc(C(=O)N2CCOCC2)[nH]c1/C=C1\C(=O)Nc2ncnc(Nc3ccc4c(cnn4Cc4ccccc4)c3)c21,8.744727494896694
CHEMBL67003,Cc1cc(C(=O)N2CCOCC2)[nH]c1/C=C1\C(=O)Nc2ncnc(Nc3ccc4c(cnn4Cc4ccccc4)c3)c21,7.0
CHEMBL307248,N#CC(C#N)=Cc1ccc(NC(=O)CCC(=O)O)cc1,3.193820026016113
CHEMBL310958,N#CC(C#N)=NNc1ccc(O)cc1,3.6478174818886373
CHEMBL78005,N#CC(C#N)=Cc1ccc2c(c1)OCO2,3.4559319556497243
CHEMBL134312,CN(C)/N=N/c1ccc2ncnc(Nc3cccc(Br)c3)c2c1,7.958607314841775
CHEMBL77243,CCCCc1cc(/C=C(\C#N)C(N)=O)cc(CCCC)c1O,4.259637310505756
CHEMBL80745,COc1cc(/C=C(\C#N)C(N)=C(C#N)C#N)cc(O)c1O,5.920818753952375
CHEMBL77778,N#CC(C#N)=Cc1ccc(/C=C/C(=O)O)cc1,3.3467874862246565
CHEMBL305246,Cc1cc(C(=O)N2CCN(C)CC2)[nH]c1/C=C1\C(=O)Nc2ncnc(Nc3ccc(F)c(Cl)c3)c21,8.55284196865778
CHEMBL305246,Cc1cc(C(=O)N2CCN(C)CC2)[nH]c1/C=C1\C(=O)Nc2ncnc(Nc3ccc(F)c(Cl)c3)c21,7.0
CHEMBL305246,Cc1cc(C(=O)N2CCN(C)CC2)[nH]c1/C=C1\C(=O)Nc2ncnc(Nc3ccc(F)c(Cl)c3)c21,6.1249387366083
CHEMBL69966,C#Cc1cccc(Nc2ncnc3c2/C(=C/c2[nH]c(C(=O)NCCN4CCOCC4)cc2C)C(=O)N3)c1,7.7447274948966935
CHEMBL69966,C#Cc1cccc(Nc2ncnc3c2/C(=C/c2[nH]c(C(=O)NCCN4CCOCC4)cc2C)C(=O)N3)c1,7.3979400086720375
CHEMBL69966,C#Cc1cccc(Nc2ncnc3c2/C(=C/c2[nH]c(C(=O)NCCN4CCOCC4)cc2C)C(=O)N3)c1,6.2076083105017466
CHEMBL47940,Nc1ncnc2c1c(-c1ccc(Oc3ccccc3)cc1)cn2C1CCCC1,5.494850021680094
CHEMBL57712,N#CC(C#N)=Cc1cc[n+]([O-])cc1,2.886056647693163
CHEMBL77869,COc1cc(C=C(C#N)C#N)ccc1O,3.6989700043360187
CHEMBL69358,CCN(CC)CCNC(=O)c1cc(C)c(/C=C2\C(=O)Nc3ncnc(Nc4ccc(F)c(Cl)c4)c32)[nH]1,8.920818753952375
CHEMBL69358,CCN(CC)CCNC(=O)c1cc(C)c(/C=C2\C(=O)Nc3ncnc(Nc4ccc(F)c(Cl)c4)c32)[nH]1,6.698970004336019
CHEMBL69358,CCN(CC)CCNC(=O)c1cc(C)c(/C=C2\C(=O)Nc3ncnc(Nc4ccc(F)c(Cl)c4)c32)[nH]1,5.889410289700751
CHEMBL137189,C/N=N/Nc1ccc2ncnc(Nc3cccc(C)c3)c2c1,6.698970004336019
CHEMBL137617,C/N=N/Nc1ccc2ncnc(Nc3cccc(Br)c3)c2c1,7.4089353929735005
CHEMBL137027,CN(C)/N=N/c1ccc2ncnc(NCc3ccccc3)c2c1,6.31695296176115
CHEMBL78257,N#CC(C#N)=C(N)/C(C#N)=C/c1cc(O)c(O)c(O)c1,6.096910013008056
CHEMBL76082,N#CC(C#N)=Cc1cc2c(cc1[N+](=O)[O-])OCO2,3.2518119729937993
CHEMBL77595,N#C/C(=C\c1ccccc1)C(=O)O,3.070581074285707
CHEMBL309334,N#CC(C#N)=C(N)/C(C#N)=C/c1ccc(O)c(O)c1,5.6020599913279625
CHEMBL310514,N#CC(C#N)=Cc1ccc[nH]1,3.585026652029182
CHEMBL304971,Cc1c(C(=O)N2CCN(C)CC2)c[nH]c1/C=C1\C(=O)Nc2ncnc(Nc3ccc(F)c(Cl)c3)c21,6.3872161432802645
CHEMBL69071,Cc1cc(C(=O)N2CC(C)NC(C)C2)[nH]c1/C=C1\C(=O)Nc2ncnc(Nc3ccc(F)c(Cl)c3)c21,8.229147988357855
CHEMBL69071,Cc1cc(C(=O)N2CC(C)NC(C)C2)[nH]c1/C=C1\C(=O)Nc2ncnc(Nc3ccc(F)c(Cl)c3)c21,5.58838029403677
CHEMBL137534,CN(C)CC/N=N/Nc1ccc2ncnc(Nc3cccc(Br)c3)c2c1,7.42021640338319
CHEMBL137788,C/N=N/Nc1ccc2ncnc(NCc3ccccc3)c2c1,6.474955192963154
CHEMBL69709,Cc1cc(C)c(/C=C2\C(=O)N(C)c3ncnc(Nc4ccc(F)c(Cl)c4)c32)[nH]1,4.698970004336019
CHEMBL424093,Brc1cccc(Nc2ncnc3ccc(N/N=N/Cc4ccccc4)cc23)c1,7.6020599913279625
CHEMBL77030,N#C/C(=C\c1ccc(O)c(O)c1)C(N)=S,5.619788758288394
CHEMBL78150,CC(C)(C)c1cc(C=C(C#N)C#N)cc(C(C)(C)C)c1O,3.337242168318426
CHEMBL69106,O=C1Nc2ncnc(Nc3ccc(F)c(Cl)c3)c2/C1=C/c1ccc[nH]1,4.698970004336019
CHEMBL264382,Cc1cc(C(=O)NCCN2CCOCC2)[nH]c1/C=C1\C(=O)Nc2ncnc(Nc3ccc4c(ccn4Cc4ccccc4)c3)c21,8.958607314841775
CHEMBL264382,Cc1cc(C(=O)NCCN2CCOCC2)[nH]c1/C=C1\C(=O)Nc2ncnc(Nc3ccc4c(ccn4Cc4ccccc4)c3)c21,6.698970004336019
CHEMBL264382,Cc1cc(C(=O)NCCN2CCOCC2)[nH]c1/C=C1\C(=O)Nc2ncnc(Nc3ccc4c(ccn4Cc4ccccc4)c3)c21,5.709965388637482
CHEMBL308133,O=C(O)C(=Cc1ccc(O)cc1)C(=O)O,2.8239087409443187
CHEMBL307179,COc1cc(C=C(C#N)C#N)cc([N+](=O)[O-])c1O,3.795880017344075
CHEMBL305782,Cc1[nH]c(/C=C2\C(=O)Nc3ncnc(Nc4ccc(F)c(Cl)c4)c32)c(C)c1CCC(=O)O,6.7447274948966935
CHEMBL308672,CCN(CC)CCNC(=O)c1cc(C)c(/C=C2\C(=O)Nc3ncnc(Nc4ccc(Cl)cc4F)c32)[nH]1,6.346787486224656
CHEMBL308672,CCN(CC)CCNC(=O)c1cc(C)c(/C=C2\C(=O)Nc3ncnc(Nc4ccc(Cl)cc4F)c32)[nH]1,6.301029995663981
CHEMBL133023,Cc1cccc(Nc2ncnc3ccc(/N=N/N(C)C)cc23)c1,7.619788758288394
CHEMBL310400,N#CC(C#N)=Cc1cccc(O)c1,3.425968732272281
CHEMBL136674,COCC/N=N/Nc1ccc2ncnc(Nc3cccc(Br)c3)c2c1,7.1487416512809245
CHEMBL73820,N#C/C(=C\c1ccc(O)c(O)c1)C(=O)O,4.6020599913279625
CHEMBL79064,N#CC(C#N)=C(O)c1ccc(O)cc1,3.638272163982407
CHEMBL77803,N#CC(C#N)=C(N)/C(C#N)=C/c1cc(O)c(O)c(Br)c1,6.301029995663981
CHEMBL75718,N#C/C=C/c1ccc(O)cc1,2.619788758288394
CHEMBL77298,COc1cc(C=C(C#N)C#N)cc(Br)c1O,3.815308569182401
CHEMBL432941,COc1cccc(-c2ccc3c(c2)NC(=O)/C3=C\c2[nH]c3c(c2CCC(=O)O)CCCC3)c1,5.051587034221399
CHEMBL420609,COc1ccc2c(c1)NC(=O)/C2=C\c1[nH]c2c(c1CCC(=O)O)CCCC2,4.0
CHEMBL419682,COc1cccc(-c2ccc3c(c2)NC(=O)/C3=C\c2cc3c([nH]2)CCCC3)c1,4.0
CHEMBL322395,COc1cc(Nc2c(C#N)cnc3cc(-c4ccc(CN5CCOCC5)cc4)ccc23)c(Cl)cc1Cl,5.522878745280337
CHEMBL88462,COc1ccccc1-c1ccc2c(c1)NC(=O)/C2=C\c1cc2c([nH]1)CCCC2,4.0
CHEMBL431996,O=C(O)CCc1c(/C=C2\C(=O)Nc3ccc(C(=O)O)cc32)[nH]c2c1CCCC2,4.247951552180561
CHEMBL91250,COc1ccc2c(c1)NC(=O)/C2=C\c1cc2c([nH]1)CCCC2,4.0
CHEMBL88771,O=C(O)CCc1c(/C=C2\C(=O)Nc3cc(-c4ccccc4)ccc32)[nH]c2c1CCCC2,4.0
CHEMBL91815,COc1ccc(-c2ccc3c(c2)NC(=O)/C3=C\c2[nH]c3c(c2CCC(=O)O)CCCC3)cc1,4.0
CHEMBL328029,O=C1Nc2ccccc2/C1=C/c1cc2c([nH]1)CCCC2,4.0
CHEMBL314995,O=C(O)CCc1c(/C=C2\C(=O)Nc3ccc(Br)cc32)[nH]c2c1CCCC2,4.0
CHEMBL88483,NS(=O)(=O)c1ccc2c(c1)/C(=C/c1cc3c([nH]1)CCCC3)C(=O)N2,4.0
CHEMBL313746,O=C1Nc2cc(-c3ccccc3)ccc2/C1=C/c1cc2c([nH]1)CCCC2,4.0
CHEMBL89363,Cc1c[nH]c(/C=C2\C(=O)Nc3ccccc32)c1CCC(=O)O,4.0
CHEMBL276711,Cc1cc(C)c(/C=C2\C(=O)Nc3ccccc32)[nH]1,4.0
CHEMBL313500,COc1ccc(-c2ccc3c(c2)NC(=O)/C3=C\c2cc3c([nH]2)CCCC3)cc1,4.0
CHEMBL89010,O=C1Nc2ccc(C(=O)O)cc2/C1=C/c1cc2c([nH]1)CCCC2,4.0
CHEMBL86531,NS(=O)(=O)c1ccc2c(c1)/C(=C/c1[nH]c3c(c1CCC(=O)O)CCCC3)C(=O)N2,4.536107011014093
CHEMBL315753,O=C(O)CCc1c(/C=C2\C(=O)Nc3ccccc32)[nH]c2c1CCCC2,4.0
CHEMBL88606,O=C1Nc2ccc(Br)cc2/C1=C/c1cc2c([nH]1)CCCC2,4.0
CHEMBL313821,COc1ccccc1-c1ccc2c(c1)NC(=O)/C2=C\c1[nH]c2c(c1CCC(=O)O)CCCC2,4.0
CHEMBL266969,O=C1NC(=O)c2cc(NC3CCCCC3)c(NC3CCCCC3)cc21,4.301029995663981
CHEMBL138691,C=CC(=O)N(CCN(C)C)c1cc2c(Nc3cccc(Br)c3)ncnc2cn1,8.3767507096021
CHEMBL138691,C=CC(=O)N(CCN(C)C)c1cc2c(Nc3cccc(Br)c3)ncnc2cn1,5.641684359917804
CHEMBL52829,Cc1cccc(Nc2ncnc3cnc(N(C)C)nc23)c1,8.397940008672037
CHEMBL52823,Cc1cccc(Nc2ncnc3cnc(Cl)nc23)c1,6.42021640338319
CHEMBL8000,O=C1c2cc(Nc3ccccc3)c(Nc3ccccc3)cc2C(=O)N1c1ccccc1,4.0
CHEMBL8000,O=C1c2cc(Nc3ccccc3)c(Nc3ccccc3)cc2C(=O)N1c1ccccc1,4.301029995663981
CHEMBL139307,C=CC(=O)N(CCCN1CCOCC1)c1ccc2ncnc(Nc3cccc(Br)c3)c2c1,8.481486060122112
CHEMBL139307,C=CC(=O)N(CCCN1CCOCC1)c1ccc2ncnc(Nc3cccc(Br)c3)c2c1,6.7121982700697735
CHEMBL322298,CCn1c(=O)c(-c2c(Cl)cccc2Cl)cc2cnc(Nc3ccccc3)nc21,6.698970004336019
CHEMBL111434,Cn1c(=O)c(-c2c(Cl)cccc2Cl)cc2cnc(Nc3cccc(Br)c3)nc21,6.173925197299173
CHEMBL111197,COc1cccc(Nc2ncc3cc(-c4c(Cl)cccc4Cl)c(=O)n(C)c3n2)c1,7.522878745280337
CHEMBL291667,Cn1c(SSc2c(C(=O)Nc3ccccc3)c3cccc(Cl)c3n2C)c(C(=O)Nc2ccccc2)c2cccc(Cl)c21,4.0
CHEMBL8091,COC(=O)c1cc(Nc2ccc(F)cc2)c(Nc2ccc(F)cc2)cc1C(=O)OC,4.0
CHEMBL136058,O=C(/C=C/C(=O)Nc1cc2c(Nc3cccc(Br)c3)ncnc2cn1)NCCCN1CCOCC1,9.09151498112135
CHEMBL136058,O=C(/C=C/C(=O)Nc1cc2c(Nc3cccc(Br)c3)ncnc2cn1)NCCCN1CCOCC1,8.05551732784983
CHEMBL113128,Cn1c(=O)c(-c2c(Cl)cccc2Cl)cc2cnc(NC3CCCCC3)nc21,4.301029995663981
CHEMBL51854,COc1ncc2ncnc(Nc3cccc(Br)c3)c2n1,8.42021640338319
CHEMBL939,COc1cc2ncnc(Nc3ccc(F)c(Cl)c3)c2cc1OCCCN1CCOCC1,6.288192770958809
CHEMBL95320,C#Cc1cccc(Nc2c(C#N)cnc3cc(OCCOC)c(OCCOC)cc23)c1,6.070581074285707
CHEMBL8271,O=C1NC(=O)c2cc(Sc3ccccc3)c(Sc3ccccc3)cc21,4.0
CHEMBL298931,Cc1cccc(Nc2ncnc3cnc(N)nc23)c1,7.769551078621726
CHEMBL292323,COc1cccc2c(C(=O)Nc3ccccc3)c(SSc3c(C(=O)Nc4ccccc4)c4cccc(OC)c4n3C)n(C)c12,5.187086643357144
CHEMBL334334,COC(=O)c1cccc(NCc2cc(O)ccc2O)c1,5.045757490560675
CHEMBL316764,O=C(O)c1cc(/N=C/c2cc(O)ccc2O)ccc1O,4.0
CHEMBL545315,C=CC(=O)Nc1cc2c(Nc3ccc(F)c(Cl)c3)ncnc2cc1OCCCN1CCOCC1.Cl.Cl,8.823908740944319
CHEMBL545315,C=CC(=O)Nc1cc2c(Nc3ccc(F)c(Cl)c3)ncnc2cc1OCCCN1CCOCC1.Cl.Cl,8.130768280269024
CHEMBL111365,COc1ccc(Nc2ncc3cc(-c4c(Cl)cccc4Cl)c(=O)n(C)c3n2)cn1,5.886056647693163
CHEMBL52591,CNc1ncc2ncnc(Nc3cccc(C)c3)c2n1,8.366531544420413
CHEMBL64459,Cc1ccc2c(C(=O)Nc3ccccc3)c(SSc3c(C(=O)Nc4ccccc4)c4ccc(C)cc4n3C)n(C)c2c1,4.0
CHEMBL129989,COC(=O)c1cc(/N=C/c2cc(O)ccc2O)ccc1OC,4.0
CHEMBL132907,COC(=O)c1cc(NCc2ccccc2O)ccc1O,4.698970004336019
CHEMBL268368,O=C1NC(=O)c2c1c1c3ccccc3[nH]c1c1[nH]c3ccccc3c21,4.0
CHEMBL422292,CCOC(=O)/C=C/C(=O)Nc1cc2c(Nc3cccc(Br)c3)ncnc2cn1,8.823908740944319
CHEMBL422292,CCOC(=O)/C=C/C(=O)Nc1cc2c(Nc3cccc(Br)c3)ncnc2cn1,7.292429823902063
CHEMBL110034,Cn1c(=O)c(-c2c(Cl)cccc2Cl)cc2cnc(NCc3cccnc3)nc21,5.301029995663981
CHEMBL113023,COc1ccc(Nc2ncc3cc(-c4c(Cl)cccc4Cl)c(=O)n(C)c3n2)cc1C,6.6020599913279625
CHEMBL417420,Brc1cccc(Nc2ncnc3cnc(NCCCN4CCOCC4)nc23)c1,8.537602002101044
CHEMBL304414,Cn1c(SSc2c(C(=O)Nc3ccccc3)c3ccccc3n2C)c(C(=O)Nc2ccccc2)c2ccccc21,5.0
CHEMBL106232,CN1CCN(CCCCCNc2ncc3cc(-c4c(Cl)cccc4Cl)c(=O)n(C)c3n2)CC1,5.346787486224656
CHEMBL327127,Cn1c(=O)c(-c2c(Cl)cccc2Cl)cc2cnc(Nc3cccc(CO)c3)nc21,7.045757490560675
CHEMBL294475,Brc1cccc(Nc2ncnc3cnc(NCCN4CCOCC4)nc23)c1,9.09151498112135
CHEMBL294475,Brc1cccc(Nc2ncnc3cnc(NCCN4CCOCC4)nc23)c1,8.508638306165727
CHEMBL266487,O=C1NC(=O)C(c2c[nH]c3ccccc23)=C1c1c[nH]c2ccccc12,4.301029995663981
CHEMBL293261,O=C(CCc1c(SSc2[nH]c3ccccc3c2CCC(=O)NCc2ccccc2)[nH]c2ccccc12)NCc1ccccc1,6.070581074285707
CHEMBL53310,CNc1ncc2ncnc(Nc3ccccc3)c2n1,7.886056647693163
CHEMBL267019,O=C1NC(=O)c2cc(Nc3ccc(O)cc3)c(Nc3ccc(O)cc3)cc21,5.6020599913279625
CHEMBL285063,C=CC(=O)Nc1ccc2ncnc(Nc3cccc(Br)c3)c2c1,9.154901959985743
CHEMBL285063,C=CC(=O)Nc1ccc2ncnc(Nc3cccc(Br)c3)c2c1,8.568636235841012
CHEMBL136404,C/C=C/C(=O)Nc1cc2c(Nc3cccc(Br)c3)ncnc2cn1,9.301029995663981
CHEMBL136404,C/C=C/C(=O)Nc1cc2c(Nc3cccc(Br)c3)ncnc2cn1,8.113509274827518
CHEMBL113356,Cn1c(=O)c(-c2c(Cl)cccc2Cl)cc2cnc(NCc3ccccc3)nc21,4.301029995663981
CHEMBL291979,Cn1c(SSc2c(C(=O)Nc3ccccc3)c3cc(C#N)ccc3n2C)c(C(=O)Nc2ccccc2)c2cc(C#N)ccc21,4.266802734893431
CHEMBL62843,Cn1c(SSc2c(C(=O)Nc3ccccc3)c3cccc(O)c3n2C)c(C(=O)Nc2ccccc2)c2cccc(O)c21,4.0
CHEMBL63009,CN1C(=S)C(C)(C(=O)Nc2ccccc2)c2ccccc21,4.0
CHEMBL267941,CN(c1ccccc1)c1cc2c(cc1N(C)c1ccccc1)C(=O)NC2=O,4.301029995663981
CHEMBL334697,C=CC(=O)N(C)c1cc2c(Nc3cccc(Br)c3)ncnc2cn1,9.769551078621726
CHEMBL334697,C=CC(=O)N(C)c1cc2c(Nc3cccc(Br)c3)ncnc2cn1,7.886056647693163
CHEMBL434827,CCN(CC)CCCNC(=O)/C=C/C(=O)Nc1cc2c(Nc3cccc(Br)c3)ncnc2cn1,9.136677139879543
CHEMBL434827,CCN(CC)CCCNC(=O)/C=C/C(=O)Nc1cc2c(Nc3cccc(Br)c3)ncnc2cn1,7.6777807052660805
CHEMBL292287,Cc1cccc2c1c(C(=O)Nc1ccccc1)c(SSc1c(C(=O)Nc3ccccc3)c3c(C)cccc3n1C)n2C,4.0
CHEMBL64430,Cn1c(SSc2c(C(=O)Nc3ccccc3)c3cc([N+](=O)[O-])ccc3n2C)c(C(=O)Nc2ccccc2)c2cc([N+](=O)[O-])ccc21,5.301029995663981
CHEMBL64068,CC(=O)Oc1ccc2c(C(=O)Nc3ccccc3)c(SSc3c(C(=O)Nc4ccccc4)c4ccc(OC(C)=O)cc4n3C)n(C)c2c1,4.0
CHEMBL62067,CN1C(=S)C(C(=O)Nc2ccccc2)c2cc(Cl)ccc21,4.0
CHEMBL64814,CSc1c(C(=O)Nc2ccccc2)c2ccccc2n1C,4.0
CHEMBL137082,C=CC(=O)N(CCCN1CCOCC1)c1cc2c(Nc3cccc(Br)c3)ncnc2cn1,8.568636235841012
CHEMBL137082,C=CC(=O)N(CCCN1CCOCC1)c1cc2c(Nc3cccc(Br)c3)ncnc2cn1,6.806875401645538
CHEMBL299347,CN(C)c1ncc2cc(-c3c(Cl)cccc3Cl)c(=O)n(C)c2n1,4.301029995663981
CHEMBL324926,COc1cc(Nc2ncc3cc(-c4c(Cl)cccc4Cl)c(=O)n(C)c3n2)cc(OC)c1,6.481486060122113
CHEMBL53311,Clc1ncc2ncnc(Nc3cccc(Br)c3)c2n1,7.086186147616283
CHEMBL62176,CN1C(=S)C(C(=O)Nc2ccccc2)c2ccccc21,6.0
CHEMBL130694,O=C(O)c1cc(/N=C/c2ccccc2O)ccc1O,4.698970004336019
CHEMBL423159,COC(=O)c1cc(NCc2cccc(O)c2)ccc1O,4.6777807052660805
CHEMBL109759,CC(C)Nc1ncc2cc(-c3c(Cl)cccc3Cl)c(=O)n(C)c2n1,5.301029995663981
CHEMBL299622,CNc1ncc2ncnc(Nc3cccc(Br)c3)c2n1,9.119186407719209
CHEMBL299622,CNc1ncc2ncnc(Nc3cccc(Br)c3)c2n1,7.522878745280337
CHEMBL138363,C=C(C)C(=O)Nc1cc2c(Nc3cccc(Br)c3)ncnc2cn1,8.795880017344075
CHEMBL138363,C=C(C)C(=O)Nc1cc2c(Nc3cccc(Br)c3)ncnc2cn1,7.356547323513812
CHEMBL93464,C/C=C/C(=O)Nc1ccc2ncnc(Nc3cccc(Br)c3)c2c1,9.259637310505756
CHEMBL93464,C/C=C/C(=O)Nc1ccc2ncnc(Nc3cccc(Br)c3)c2c1,8.060480747381382
CHEMBL53831,Nc1ncc2ncnc(Nc3cccc(Br)c3)c2n1,8.823908740944319
CHEMBL299881,Cc1cccc(Nc2ncnc3cnc(NCCN4CCOCC4)nc23)c1,8.638272163982407
CHEMBL50027,Clc1ncc2ncnc(Nc3ccccc3)c2n1,5.5934598195660445
CHEMBL31965,C=CC(=O)Nc1cc2c(Nc3ccc(F)c(Cl)c3)ncnc2cc1OCCCN1CCOCC1,7.130768280269024
CHEMBL344486,CCOC(=O)/C=C/C(=O)Nc1ccc2ncnc(Nc3cccc(Br)c3)c2c1,8.568636235841012
CHEMBL344486,CCOC(=O)/C=C/C(=O)Nc1ccc2ncnc(Nc3cccc(Br)c3)c2c1,7.1938200260161125
CHEMBL138940,O=C(/C=C/C(=O)Nc1cc2c(Nc3ccc(F)c(Cl)c3)ncnc2cn1)NCCCN1CCOCC1,9.214670164989233
CHEMBL138940,O=C(/C=C/C(=O)Nc1cc2c(Nc3ccc(F)c(Cl)c3)ncnc2cn1)NCCCN1CCOCC1,7.853871964321762
CHEMBL321193,Cn1c(=O)c(-c2c(Cl)cccc2Cl)cc2cnc(Nc3cccc(O)c3)nc21,6.823908740944319
CHEMBL419022,CCOC(=O)CCCc1ccc(Nc2ncc3cc(-c4c(Cl)cccc4Cl)c(=O)n(C)c3n2)cc1,6.154901959985743
CHEMBL53426,Brc1cccc(Nc2ncnc3cnc(NCCc4c[nH]cn4)nc23)c1,9.602059991327963
CHEMBL53426,Brc1cccc(Nc2ncnc3cnc(NCCc4c[nH]cn4)nc23)c1,8.292429823902063
CHEMBL53711,CN(C)c1cc2c(Nc3cccc(Br)c3)ncnc2cn1,8.585026652029182
CHEMBL53711,CN(C)c1cc2c(Nc3cccc(Br)c3)ncnc2cn1,7.920818753952375
CHEMBL344177,O=C(/C=C/Cl)Nc1cc2c(Nc3cccc(Br)c3)ncnc2cn1,9.161150909262744
CHEMBL344177,O=C(/C=C/Cl)Nc1cc2c(Nc3cccc(Br)c3)ncnc2cn1,7.698970004336019
CHEMBL136178,CC(=O)/C=C/C(=O)Nc1ccc2ncnc(Nc3cccc(Br)c3)c2c1,8.920818753952375
CHEMBL136178,CC(=O)/C=C/C(=O)Nc1ccc2ncnc(Nc3cccc(Br)c3)c2c1,5.983384452442823
CHEMBL136511,C=CS(=O)(=O)Nc1ccc2ncnc(Nc3cccc(Br)c3)c2c1,8.853871964321762
CHEMBL136511,C=CS(=O)(=O)Nc1ccc2ncnc(Nc3cccc(Br)c3)c2c1,8.568636235841012
CHEMBL416307,Cc1cccc(Nc2ncnc3cnc(NCCc4c[nH]cn4)nc23)c1,8.522878745280337
CHEMBL64165,Cc1cccc2c(C(=O)Nc3ccccc3)c(SSc3c(C(=O)Nc4ccccc4)c4cccc(C)c4n3C)n(C)c12,4.0
CHEMBL130116,O=C(O)c1cccc(/N=C/c2cc(O)ccc2O)c1,4.698970004336019
CHEMBL44,O=c1c(-c2ccc(O)cc2)coc2cc(O)cc(O)c12,6.0
CHEMBL136102,CN(C)CCCNC(=O)/C=C/C(=O)N(C)c1cc2c(Nc3cccc(Br)c3)ncnc2cn1,8.838631997765026
CHEMBL136102,CN(C)CCCNC(=O)/C=C/C(=O)N(C)c1cc2c(Nc3cccc(Br)c3)ncnc2cn1,6.714442690992226
CHEMBL336264,C=CS(=O)(=O)c1cc2c(Nc3cccc(Br)c3)ncnc2cn1,9.366531544420413
CHEMBL336264,C=CS(=O)(=O)c1cc2c(Nc3cccc(Br)c3)ncnc2cn1,6.301029995663981
CHEMBL104153,COc1ccc(Nc2ncc3cc(-c4c(Cl)cccc4Cl)c(=O)n(C)c3n2)cc1,6.657577319177793
CHEMBL53156,CNc1ccc2ncnc(Nc3cccc(Br)c3)c2n1,8.508638306165727
CHEMBL53156,CNc1ccc2ncnc(Nc3cccc(Br)c3)c2n1,7.698970004336019
CHEMBL95774,C=CC(=O)Nc1cc2c(Nc3ccc(F)c(Cl)c3)c(C#N)cnc2cc1OCCCN1CCOCC1,7.096910013008056
CHEMBL130893,COC(=O)c1ccc(/N=C/c2cc(O)ccc2O)cc1O,5.0
CHEMBL129907,O=C(O)c1cccc(NCc2cc(O)ccc2O)c1,4.698970004336019
CHEMBL131653,COC(=O)c1cc(NCc2cc(O)ccc2O)ccc1O,5.045757490560675
CHEMBL268868,O=C1NC(=O)c2cc(Nc3ccccc3)c(Nc3ccccc3)cc21,6.522878745280337
CHEMBL268868,O=C1NC(=O)c2cc(Nc3ccccc3)c(Nc3ccccc3)cc21,5.346787486224656
CHEMBL7352,COc1ccc(Nc2cc3c(cc2Nc2ccc(OC)cc2)C(=O)NC3=O)cc1,4.301029995663981
CHEMBL7352,COc1ccc(Nc2cc3c(cc2Nc2ccc(OC)cc2)C(=O)NC3=O)cc1,4.0
CHEMBL7775,CN(c1ccccc1)c1cc2c(cc1Nc1ccccc1)C(=O)NC2=O,5.060480747381382
CHEMBL7775,CN(c1ccccc1)c1cc2c(cc1Nc1ccccc1)C(=O)NC2=O,4.0
CHEMBL8222,COC(=O)c1cc(Nc2ccccc2)c(Nc2ccccc2)cc1C(=O)OC,4.0
CHEMBL53711,CN(C)c1cc2c(Nc3cccc(Br)c3)ncnc2cn1,11.221848749616356
CHEMBL53711,CN(C)c1cc2c(Nc3cccc(Br)c3)ncnc2cn1,7.6777807052660805
CHEMBL60200,Cc1ccc2c(c1)c(C(=O)Nc1ccccc1)c(SSc1c(C(=O)Nc3ccccc3)c3cc(C)ccc3n1C)n2C,4.0
CHEMBL61119,CC(=O)Oc1ccc2c(c1)c(C(=O)Nc1ccccc1)c(SSc1c(C(=O)Nc3ccccc3)c3cc(OC(C)=O)ccc3n1C)n2C,5.275724130399211
CHEMBL64231,Cn1c(SSCc2ccccc2)c(C(=O)Nc2ccccc2)c2ccccc21,4.0
CHEMBL335440,O=S(=O)(CCO)c1cc2c(Nc3cccc(Br)c3)ncnc2cn1,7.029188389127482
CHEMBL50647,Cn1c(=O)c(-c2c(Cl)cccc2Cl)cc2cnc(Nc3ccc(CC(=O)O)cc3)nc21,6.657577319177793
CHEMBL320705,COc1ccccc1Nc1ncc2cc(-c3c(Cl)cccc3Cl)c(=O)n(C)c2n1,7.180456064458132
CHEMBL51228,Brc1cccc(Nc2ncnc3cnc(NCCCn4ccnc4)nc23)c1,8.638272163982407
CHEMBL130117,COC(=O)c1cc(/N=C/c2ccc(O)cc2)ccc1O,5.0
CHEMBL129930,COC(=O)c1cc(NCc2cc(O)ccc2O)ccc1OC,5.022276394711152
CHEMBL48172,Cn1c(=O)c(-c2c(Cl)cccc2Cl)cc2cnc(NCCCN3CCOCC3)nc21,5.301029995663981
CHEMBL113863,Cn1c(=O)c(-c2c(Cl)cccc2Cl)cc2cnc(NCCCCCC(=O)O)nc21,6.0
CHEMBL553,C#Cc1cccc(Nc2ncnc3cc(OCCOC)c(OCCOC)cc23)c1,5.838631997765025
CHEMBL62699,CN1C(=S)C(C(=O)Nc2ccccc2)c2cccnc21,4.0
CHEMBL92086,C=C(C)C(=O)Nc1ccc2ncnc(Nc3cccc(Br)c3)c2c1,8.920818753952375
CHEMBL92086,C=C(C)C(=O)Nc1ccc2ncnc(Nc3cccc(Br)c3)c2c1,7.795880017344075
CHEMBL109631,Cn1c(=O)c(-c2c(Cl)cccc2Cl)cc2cnc(Nc3cccc(C(=O)O)c3)nc21,6.721246399047171
CHEMBL52015,CN(C)c1ccc2ncnc(Nc3cccc(Br)c3)c2c1,7.075720713938118
CHEMBL53796,CN(C)c1ccc2ncnc(Nc3cccc(Br)c3)c2n1,8.017728766960431
CHEMBL53796,CN(C)c1ccc2ncnc(Nc3cccc(Br)c3)c2n1,7.494850021680094
CHEMBL51853,Nc1cc2c(Nc3cccc(Br)c3)ncnc2cn1,9.886056647693163
CHEMBL51853,Nc1cc2c(Nc3cccc(Br)c3)ncnc2cn1,7.795880017344075
CHEMBL294205,COc1cccc2c1c(C(=O)Nc1ccccc1)c(SSc1c(C(=O)Nc3ccccc3)c3c(OC)cccc3n1C)n2C,4.0
CHEMBL293913,Cn1c(SSc2c(C(=O)Nc3ccccc3)c3ccc(O)cc3n2C)c(C(=O)Nc2ccccc2)c2ccc(O)cc21,4.356547323513812
CHEMBL133283,COC(=O)c1ccc(NCc2cc(O)ccc2O)cc1O,5.0
CHEMBL7914,Cc1ccc(Nc2cc3c(cc2Nc2ccc(C)cc2)C(=O)NC3=O)cc1,5.6020599913279625
CHEMBL7914,Cc1ccc(Nc2cc3c(cc2Nc2ccc(C)cc2)C(=O)NC3=O)cc1,5.346787486224656
CHEMBL7929,O=C1NC(=O)c2cc(Nc3ccc(-c4ccccc4)cc3)c(Nc3ccc(-c4ccccc4)cc3)cc21,4.301029995663981
CHEMBL7929,O=C1NC(=O)c2cc(Nc3ccc(-c4ccccc4)cc3)c(Nc3ccc(-c4ccccc4)cc3)cc21,4.0
CHEMBL334801,CN(C)CCCNC(=O)/C=C/C(=O)Nc1cc2c(Nc3cccc(Br)c3)ncnc2cn1,8.958607314841775
CHEMBL334801,CN(C)CCCNC(=O)/C=C/C(=O)Nc1cc2c(Nc3cccc(Br)c3)ncnc2cn1,7.2441251443275085
CHEMBL111618,Cn1c(=O)c(-c2c(Cl)cccc2Cl)cc2cnc(NCCO)nc21,5.301029995663981
CHEMBL325589,Cn1c(=O)c(-c2c(Cl)cccc2Cl)cc2cnc(Nc3cccnc3)nc21,6.292429823902063
CHEMBL99024,COc1cc2ncc(C#N)c(Nc3ccc(F)c(Cl)c3)c2cc1OCCCN1CCOCC1,5.982966660701219
CHEMBL59812,CC(=O)Oc1cccc2c1c(C(=O)Nc1ccccc1)c(SSc1c(C(=O)Nc3ccccc3)c3c(OC(C)=O)cccc3n1C)n2C,4.698970004336019
CHEMBL130337,COC(=O)c1cc(NCc2ccc(O)cc2)ccc1O,5.0
CHEMBL434828,O=C(/C=C/c1ccccc1)Nc1cc2c(Nc3cccc(Br)c3)ncnc2cn1,8.040958607678906
CHEMBL434828,O=C(/C=C/c1ccccc1)Nc1cc2c(Nc3cccc(Br)c3)ncnc2cn1,7.113509274827518
CHEMBL49596,Cn1c(=O)c(-c2c(Cl)cccc2Cl)cc2cnc(N)nc21,5.251811972993799
CHEMBL50519,COc1ccc2ncnc(Nc3cccc(Br)c3)c2n1,8.366531544420413
CHEMBL63455,Cn1c(SSc2c(C(=O)Nc3ccccc3)c3cc(F)ccc3n2C)c(C(=O)Nc2ccccc2)c2cc(F)ccc21,4.0
CHEMBL293250,Cn1c(SSc2c(C(=O)Nc3ccccc3)c3cc(O)ccc3n2C)c(C(=O)Nc2ccccc2)c2cc(O)ccc21,4.392544976785332
CHEMBL62701,Cn1c(SSc2c(C(=O)Nc3ccccc3)c3cccnc3n2C)c(C(=O)Nc2ccccc2)c2cccnc21,4.651695136951839
CHEMBL51659,C=CC(=O)Nc1cc2c(Nc3cccc(Br)c3)ncnc2cn1,9.040958607678906
CHEMBL51659,C=CC(=O)Nc1cc2c(Nc3cccc(Br)c3)ncnc2cn1,8.468521082957745
CHEMBL135142,O=C(/C=C/C(F)(F)F)Nc1ccc2ncnc(Nc3cccc(Br)c3)c2c1,8.756961951313706
CHEMBL135142,O=C(/C=C/C(F)(F)F)Nc1ccc2ncnc(Nc3cccc(Br)c3)c2c1,7.455931955649724
CHEMBL343722,C=C=CC(=O)Nc1ccc2ncnc(Nc3cccc(Br)c3)c2c1,8.795880017344075
CHEMBL343722,C=C=CC(=O)Nc1ccc2ncnc(Nc3cccc(Br)c3)c2c1,6.920818753952375
CHEMBL448154,CCn1c(=O)c(-c2c(Cl)cccc2Cl)cc2cnc(Nc3ccncc3)nc21,6.309803919971486
CHEMBL303127,Cn1c(SSc2c(C(=O)Nc3ccccc3)c3ccc(Cl)cc3n2C)c(C(=O)Nc2ccccc2)c2ccc(Cl)cc21,4.0
CHEMBL50470,CCN(CC)CCCNc1ncc2cc(-c3c(Cl)cccc3Cl)c(=O)n(C)c2n1,5.853871964321762
CHEMBL104244,CN1CCN(CCCCNc2ncc3cc(-c4c(Cl)cccc4Cl)c(=O)n(C)c3n2)CC1,6.6777807052660805
CHEMBL53777,CN(C)c1ncc2ncnc(Nc3cccc(Br)c3)c2n1,9.022276394711152
CHEMBL53777,CN(C)c1ncc2ncnc(Nc3cccc(Br)c3)c2n1,7.657577319177793
CHEMBL293889,Cn1c(SSc2c(C(=O)Nc3ccccc3)c3cc(Cl)ccc3n2C)c(C(=O)Nc2ccccc2)c2cc(Cl)ccc21,5.366531544420414
CHEMBL61278,Cn1c(SSc2c(C(=O)Nc3ccccc3)c3cc(C(F)(F)F)ccc3n2C)c(C(=O)Nc2ccccc2)c2cc(C(F)(F)F)ccc21,4.0
CHEMBL267869,N#Cc1ccc(Nc2cc3c(cc2Nc2ccc(C#N)cc2)C(=O)NC3=O)cc1,4.0
CHEMBL140561,CN(C)CCCOC(=O)/C=C/C(=O)Nc1ccc2ncnc(Nc3cccc(Br)c3)c2c1,8.619788758288394
CHEMBL140561,CN(C)CCCOC(=O)/C=C/C(=O)Nc1ccc2ncnc(Nc3cccc(Br)c3)c2c1,6.966576244513051
CHEMBL345077,C=C[S+]([O-])c1cc2c(Nc3cccc(Br)c3)ncnc2cn1,8.337242168318426
CHEMBL345077,C=C[S+]([O-])c1cc2c(Nc3cccc(Br)c3)ncnc2cn1,6.468521082957745
CHEMBL107472,CNc1ncc2cc(-c3c(Cl)cccc3Cl)c(=O)n(C)c2n1,5.1249387366083
CHEMBL326041,Cn1c(=O)c(-c2c(Cl)cccc2Cl)cc2cnc(NCc3ccccn3)nc21,5.301029995663981
CHEMBL111247,Cn1c(=O)c(-c2c(Cl)cccc2Cl)cc2cnc(Nc3ccc(Cl)cc3)nc21,5.301029995663981
CHEMBL139044,C=C/C=C/C(=O)Nc1cc2c(Nc3cccc(Br)c3)ncnc2cn1,8.958607314841775
CHEMBL139044,C=C/C=C/C(=O)Nc1cc2c(Nc3cccc(Br)c3)ncnc2cn1,7.568636235841013
CHEMBL139095,C=CS(=O)(=O)Nc1cc2c(Nc3cccc(Br)c3)ncnc2cn1,9.119186407719209
CHEMBL139095,C=CS(=O)(=O)Nc1cc2c(Nc3cccc(Br)c3)ncnc2cn1,8.619788758288394
CHEMBL113070,Cn1c(=O)c(-c2c(Cl)cccc2Cl)cc2cnc(Nc3ccc(CCCC(=O)O)cc3)nc21,7.096910013008056
CHEMBL104779,Cn1c(=O)c(-c2c(Cl)cccc2Cl)cc2cnc(Nc3ccncc3)nc21,6.040958607678906
CHEMBL64781,Cn1c(SSc2ccccc2)c(C(=O)Nc2ccccc2)c2ccccc21,4.0
CHEMBL319620,O=C(O)c1cc(NCc2cc(O)ccc2O)ccc1O,4.036212172654444
CHEMBL266255,O=C1NC(=O)c2cc3c(cc21)N(c1ccccc1)CCN3c1ccccc1,4.0
CHEMBL134371,O=C(O)/C=C/C(=O)Nc1ccc2ncnc(Nc3cccc(Br)c3)c2c1,9.431798275933005
CHEMBL134371,O=C(O)/C=C/C(=O)Nc1ccc2ncnc(Nc3cccc(Br)c3)c2c1,6.301029995663981
CHEMBL301612,Cn1c(=O)c(-c2c(Cl)cccc2Cl)cc2cnc(Nc3ccccc3)nc21,6.585026652029182
CHEMBL52765,Nc1ccc2ncnc(Nc3cccc(Br)c3)c2c1,9.10790539730952
CHEMBL50344,CNc1ccc2ncnc(Nc3cccc(Br)c3)c2c1,7.958607314841775
CHEMBL293251,Cn1c(SSc2c(C(=O)Nc3ccccc3)c3cc(Br)ccc3n2C)c(C(=O)Nc2ccccc2)c2cc(Br)ccc21,4.943095148663527
CHEMBL294341,COc1ccc2c(c1)c(C(=O)Nc1ccccc1)c(SSc1c(C(=O)Nc3ccccc3)c3cc(OC)ccc3n1C)n2C,4.0
CHEMBL60472,COc1ccc2c(C(=O)Nc3ccccc3)c(SSc3c(C(=O)Nc4ccccc4)c4ccc(OC)cc4n3C)n(C)c2c1,5.443697499232712
CHEMBL131407,O=C(O)c1cc(NCc2ccccc2O)ccc1O,4.698970004336019
CHEMBL342828,O=C(/C=C/C(=O)Nc1cc2c(Nc3cccc(Br)c3)ncnc2cn1)NCCCn1ccnc1,9.2518119729938
CHEMBL342828,O=C(/C=C/C(=O)Nc1cc2c(Nc3cccc(Br)c3)ncnc2cn1)NCCCn1ccnc1,7.853871964321762
CHEMBL299194,CN1CCN(CCCNc2ncc3cc(-c4c(Cl)cccc4Cl)c(=O)n(C)c3n2)CC1,5.060480747381382
CHEMBL323699,Cn1c(=O)c(-c2c(Cl)cccc2Cl)cc2cnc(NCCc3ccccn3)nc21,5.301029995663981
CHEMBL54067,CN(C)CCNc1ncc2ncnc(Nc3cccc(Br)c3)c2n1,7.455931955649724
CHEMBL291359,CC(=O)Oc1cccc2c(C(=O)Nc3ccccc3)c(SSc3c(C(=O)Nc4ccccc4)c4cccc(OC(C)=O)c4n3C)n(C)c12,5.00436480540245
CHEMBL335074,COC(=O)c1cc(/N=C/c2ccccc2O)ccc1O,5.0
CHEMBL109296,CCNc1ncc2cc(-c3c(Cl)cccc3Cl)c(=O)n(C)c2n1,5.346787486224656
CHEMBL111339,Cc1ccc(Nc2ncc3cc(-c4c(Cl)cccc4Cl)c(=O)n(C)c3n2)cc1,6.318758762624412
CHEMBL52197,COc1ccc2ncnc(Nc3cccc(Br)c3)c2c1,7.522878745280337
CHEMBL109525,CCOC(=O)c1ccc(Nc2ncc3cc(-c4c(Cl)cccc4Cl)c(=O)n(C)c3n2)cc1,4.301029995663981
CHEMBL7939,O=C1NC(=O)c2cc(Nc3ccc(F)cc3)c(Nc3ccc(F)cc3)cc21,6.154901959985743
CHEMBL7939,O=C1NC(=O)c2cc(Nc3ccc(F)cc3)c(Nc3ccc(F)cc3)cc21,5.657577319177793
CHEMBL8163,O=C1NC(=O)c2cc(Nc3ccc(I)cc3)c(Nc3ccc(I)cc3)cc21,4.301029995663981
CHEMBL8095,COc1ccc(Nc2cc3c(cc2Nc2ccccc2)C(=O)NC3=O)cc1,5.698970004336019
CHEMBL8095,COc1ccc(Nc2cc3c(cc2Nc2ccccc2)C(=O)NC3=O)cc1,4.7447274948966935
CHEMBL268441,CC(=O)N(c1ccccc1)c1cc2c(cc1Nc1ccccc1)C(=O)NC2=O,4.301029995663981
CHEMBL345109,CN(C)CCCNC(=O)/C=C/C(=O)Nc1ccc2ncnc(Nc3cccc(Br)c3)c2c1,9.356547323513812
CHEMBL345109,CN(C)CCCNC(=O)/C=C/C(=O)Nc1ccc2ncnc(Nc3cccc(Br)c3)c2c1,7.229147988357855
CHEMBL607707,CCOc1cc2ncc(C#N)c(Nc3ccc(F)c(Cl)c3)c2cc1NC(=O)/C=C/CN(C)C,7.080921907623926
CHEMBL293986,Cn1c(SSc2c(C(=O)Nc3ccccc3)c3c(Cl)cccc3n2C)c(C(=O)Nc2ccccc2)c2c(Cl)cccc21,4.0
CHEMBL8223,CCN(CC)c1ccc(Nc2cc3c(cc2Nc2ccc(N(CC)CC)cc2)C(=O)NC3=O)cc1,4.301029995663981
CHEMBL8036,CN1C(=O)c2cc(Nc3ccccc3)c(Nc3ccccc3)cc2C1=O,4.301029995663981
CHEMBL332269,CCCCNc1ncc2cc(-c3c(Cl)cccc3Cl)c(=O)n(C)c2n1,5.356547323513812
CHEMBL300217,Nc1ccc2ncnc(Nc3cccc(Br)c3)c2n1,8.119186407719209
CHEMBL300217,Nc1ccc2ncnc(Nc3cccc(Br)c3)c2n1,7.275724130399211
CHEMBL53753,CNc1cc2c(Nc3cccc(Br)c3)ncnc2cn1,11.096910013008056
CHEMBL53753,CNc1cc2c(Nc3cccc(Br)c3)ncnc2cn1,7.823908740944319
CHEMBL300936,CC(C)(C)c1cnc(CSc2cnc(NC(=O)Cc3ccc(CNC(CO)CO)cc3)s2)o1,4.6020599913279625
CHEMBL428690,CN1CC[C@H](c2c(O)cc(O)c3c(=O)cc(-c4ccccc4Cl)oc23)[C@H](O)C1,5.119186407719209
CHEMBL14932,Oc1ccc2ncnc(Nc3ccc(OCc4ccccc4)cc3)c2c1,7.008773924307505
CHEMBL48085,Oc1cc(O)c2nc(-c3ccc(O)c(O)c3)sc2c1,3.886056647693163
CHEMBL38199,Brc1cccc(Nc2ncnc3cc4c(cnn4CCN4CCOCC4)cc23)c1,8.431798275933005
CHEMBL38199,Brc1cccc(Nc2ncnc3cc4c(cnn4CCN4CCOCC4)cc23)c1,6.716698771296451
CHEMBL553,C#Cc1cccc(Nc2ncnc3cc(OCCOC)c(OCCOC)cc23)c1,9.0
CHEMBL939,COc1cc2ncnc(Nc3ccc(F)c(Cl)c3)c2cc1OCCCN1CCOCC1,9.0
CHEMBL29197,COc1cc2ncnc(Nc3cccc(Br)c3)c2cc1OC,10.602059991327963
CHEMBL287007,CN(C)Cc1c[nH]c2cc3ncnc(Nc4cccc(Br)c4)c3cc12,8.585026652029182
CHEMBL287007,CN(C)Cc1c[nH]c2cc3ncnc(Nc4cccc(Br)c4)c3cc12,8.013228265733755
CHEMBL37346,Brc1cccc(Nc2ccnc3ccccc23)c1,5.259637310505756
CHEMBL39563,Brc1cccc(Nc2nccc3ccccc23)c1,4.0
CHEMBL15346,CS(=O)(=O)CCNCCCCOc1ccc2ncnc(Nc3ccc(OCc4ccccc4)cc3)c2c1,7.130768280269024
CHEMBL15202,COc1ccc2ncnc(Nc3ccc(OCc4ccccc4)cc3)c2c1,7.167491087293763
CHEMBL554,CS(=O)(=O)CCNCc1ccc(-c2ccc3ncnc(Nc4ccc(OCc5cccc(F)c5)c(Cl)c4)c3c2)o1,8.0
CHEMBL36819,O=C(O)Cn1ncc2cc3c(Nc4cccc(Br)c4)ncnc3cc21,7.275724130399211
CHEMBL36819,O=C(O)Cn1ncc2cc3c(Nc4cccc(Br)c4)ncnc3cc21,5.9222688203476075
CHEMBL40130,Brc1cccc(Nc2ncnc3cc4c(ccn4CCN4CCOCC4)cc23)c1,8.431798275933005
CHEMBL40130,Brc1cccc(Nc2ncnc3cc4c(ccn4CCN4CCOCC4)cc23)c1,7.795880017344075
CHEMBL35820,CCOc1cc2ncnc(Nc3cccc(Br)c3)c2cc1OCC,11.221848749616356
CHEMBL14627,O=C(NCCCCOc1ccc2ncnc(Nc3ccc(OCc4ccccc4)cc3)c2c1)C(F)(F)F,7.130768280269024
CHEMBL290096,Brc1cccc(Nc2ncnc3ccccc23)c1,7.568636235841013
CHEMBL289787,COc1cccc2c(Nc3cccc(Br)c3)ncnc12,5.0
CHEMBL45564,Oc1ccc(-c2nc3c(O)cc(O)cc3s2)cc1,3.5228787452803374
CHEMBL37099,Cc1nc(Nc2cccc(Br)c2)c2ccccc2n1,5.0
CHEMBL460731,CS(=O)(=O)CCNCCCCOc1ccc2ncnc(Nc3ccc(F)c(Cl)c3)c2c1,7.698970004336019
CHEMBL460731,CS(=O)(=O)CCNCCCCOc1ccc2ncnc(Nc3ccc(F)c(Cl)c3)c2c1,7.1487416512809245
CHEMBL50,O=c1c(O)c(-c2ccc(O)c(O)c2)oc2cc(O)cc(O)c12,3.721246399047171
CHEMBL37543,OCC(O)Cn1ncc2cc3c(Nc4cccc(Br)c4)ncnc3cc21,7.920818753952375
CHEMBL37543,OCC(O)Cn1ncc2cc3c(Nc4cccc(Br)c4)ncnc3cc21,6.497572880015567
CHEMBL287289,CN(C)CCCn1ccc2cc3c(Nc4cccc(Br)c4)ncnc3cc21,7.6777807052660805
CHEMBL287289,CN(C)CCCn1ccc2cc3c(Nc4cccc(Br)c4)ncnc3cc21,6.638272163982407
CHEMBL514436,CS(=O)(=O)CCNCCCCOc1ccc2ncnc(Nc3ccc(OCc4cccc(F)c4)c(Cl)c3)c2c1,7.568636235841013
CHEMBL39320,Cn1ncc2cc3c(Nc4cccc(Br)c4)ncnc3cc21,9.431798275933005
CHEMBL39320,Cn1ncc2cc3c(Nc4cccc(Br)c4)ncnc3cc21,7.886056647693163
CHEMBL289162,O=C(O)Cn1ccc2cc3c(Nc4cccc(Br)c4)ncnc3cc21,8.292429823902063
CHEMBL289162,O=C(O)Cn1ccc2cc3c(Nc4cccc(Br)c4)ncnc3cc21,5.749579997691106
CHEMBL14952,CS(=O)(=O)CCNCCCOc1ccc2ncnc(Nc3ccc(OCc4ccccc4)cc3)c2c1,6.982966660701219
CHEMBL37373,CN(C)CCn1ccc2cc3c(Nc4cccc(Br)c4)ncnc3cc21,7.3872161432802645
CHEMBL37373,CN(C)CCn1ccc2cc3c(Nc4cccc(Br)c4)ncnc3cc21,6.838631997765025
CHEMBL39715,COC(=O)CN(C)Cc1c[nH]c2cc3ncnc(Nc4cccc(Br)c4)c3cc12,8.468521082957745
CHEMBL39715,COC(=O)CN(C)Cc1c[nH]c2cc3ncnc(Nc4cccc(Br)c4)c3cc12,8.017728766960431
CHEMBL289213,CN(CC(=O)O)Cc1c[nH]c2cc3ncnc(Nc4cccc(Br)c4)c3cc12,9.142667503568731
CHEMBL289213,CN(CC(=O)O)Cc1c[nH]c2cc3ncnc(Nc4cccc(Br)c4)c3cc12,6.2335871528876
CHEMBL273789,CS(=O)(=O)CCN(CCCCOc1ccc2ncnc(Nc3ccc(OCc4ccccc4)cc3)c2c1)C(=O)C(F)(F)F,6.580044251510242
CHEMBL517907,C#Cc1cccc(Nc2ncnc3ccc(OCCCCNCCS(C)(=O)=O)cc23)c1,7.958607314841775
CHEMBL517907,C#Cc1cccc(Nc2ncnc3ccc(OCCCCNCCS(C)(=O)=O)cc23)c1,7.346787486224656
CHEMBL460732,CS(=O)(=O)CCNCCCCOc1ccc2ncnc(Nc3ccc(S(=O)(=O)c4ccccc4)cc3)c2c1,7.031517051446065
CHEMBL540701,C=CCOc1ccc2ncnc(Nc3ccc(OCc4ccccc4)cc3)c2c1,7.102372908709558
CHEMBL287832,CN(C)CCn1ncc2cc3c(Nc4cccc(Br)c4)ncnc3cc21,7.3979400086720375
CHEMBL287832,CN(C)CCn1ncc2cc3c(Nc4cccc(Br)c4)ncnc3cc21,6.581698708680254
CHEMBL39337,Brc1cccc(Nc2ncnc3cc4[nH]ncc4cc23)c1,9.356547323513812
CHEMBL39337,Brc1cccc(Nc2ncnc3cc4[nH]ncc4cc23)c1,7.698970004336019
CHEMBL40734,Brc1cccc(Nc2ncnc3cc4[nH]ccc4cc23)c1,9.356547323513812
CHEMBL40734,Brc1cccc(Nc2ncnc3cc4[nH]ccc4cc23)c1,7.657577319177793
CHEMBL39811,CN(C)CCN(C)Cc1c[nH]c2cc3ncnc(Nc4cccc(Br)c4)c3cc12,8.1249387366083
CHEMBL39811,CN(C)CCN(C)Cc1c[nH]c2cc3ncnc(Nc4cccc(Br)c4)c3cc12,7.0915149811213505
CHEMBL36727,Cn1ccc2cc3c(Nc4cccc(Br)c4)ncnc3cc21,9.096910013008056
CHEMBL36727,Cn1ccc2cc3c(Nc4cccc(Br)c4)ncnc3cc21,7.657577319177793
CHEMBL39355,Brc1cccc(Nc2ncnc3cc4c(cnn4CCCN4CCOCC4)cc23)c1,8.05551732784983
CHEMBL39355,Brc1cccc(Nc2ncnc3cc4c(cnn4CCCN4CCOCC4)cc23)c1,7.113509274827518
CHEMBL493428,CS(=O)(=O)CCNCCCCOc1ccc2ncnc(Nc3ccc4c(cnn4Cc4cccc(F)c4)c3)c2c1,7.619788758288394
CHEMBL493428,CS(=O)(=O)CCNCCCCOc1ccc2ncnc(Nc3ccc4c(cnn4Cc4cccc(F)c4)c3)c2c1,6.200659450546418
CHEMBL44227,Oc1ccc(-c2nc3ccc(O)cc3s2)cc1,3.886056647693163
CHEMBL289959,c1ccc(Nc2ncnc3ccccc23)cc1,6.460923901207224
CHEMBL47966,Oc1ccc(/N=N/c2ccc(O)cc2O)cc1,4.236572006437063
CHEMBL14874,CN(CCCOc1ccc2ncnc(Nc3ccc(OCc4ccccc4)cc3)c2c1)CCS(C)(=O)=O,6.080921907623926
CHEMBL416611,OCC(O)Cn1ccc2cc3c(Nc4cccc(Br)c4)ncnc3cc21,8.795880017344075
CHEMBL416611,OCC(O)Cn1ccc2cc3c(Nc4cccc(Br)c4)ncnc3cc21,7.309803919971486
CHEMBL36967,Brc1cccc(Nc2ncnc3cc4[nH]cc(CN5CCOCC5)c4cc23)c1,8.318758762624412
CHEMBL36967,Brc1cccc(Nc2ncnc3cc4[nH]cc(CN5CCOCC5)c4cc23)c1,8.017728766960431
CHEMBL36164,OCCN(CCO)Cc1c[nH]c2cc3ncnc(Nc4cccc(Br)c4)c3cc12,8.455931955649724
CHEMBL36164,OCCN(CCO)Cc1c[nH]c2cc3ncnc(Nc4cccc(Br)c4)c3cc12,6.8696662315049934
CHEMBL428690,CN1CC[C@H](c2c(O)cc(O)c3c(=O)cc(-c4ccccc4Cl)oc23)[C@H](O)C1,4.657577319177793
CHEMBL133498,CN1CC[C@H](c2c(O)cc(O)c3c(=O)cc(Oc4ccccc4Cl)oc23)[C@H](O)C1,4.301029995663981
CHEMBL334881,CN1CC[C@H](c2c(O)cc(O)c3c(=O)cc(Sc4ccccc4Cl)oc23)[C@H](O)C1,4.301029995663981
CHEMBL1242973,COC(=O)[C@@]1(Cc2ccc(O)c(CC=C(C)C)c2)OC(=O)C(O)=C1c1ccc(O)cc1,3.2291479883578558
CHEMBL280074,Cn1cnc2c(NCc3ccccc3)nc(NCCO)nc21,3.3565473235138126
CHEMBL338448,CO[C@H]1[C@@H](N(C)C(=O)c2ccccc2)C[C@@H]2O[C@@]1(C)n1c3ccccc3c3c4c(c5c6ccccc6n2c5c31)C(=O)NC4,5.721246399047171
CHEMBL131715,CO[C@H]1[C@@H](N(C)C(=O)c2ccc(Cl)cc2)C[C@@H]2O[C@@]1(C)n1c3ccccc3c3c4c(c5c6ccccc6n2c5c31)C(=O)NC4,5.154901959985743
CHEMBL435809,CO[C@H]1[C@@H](N(C)C(=O)c2ccc(C(=O)O)cc2)C[C@@H]2O[C@@]1(C)n1c3ccccc3c3c4c(c5c6ccccc6n2c5c31)C(=O)NC4,6.958607314841775
CHEMBL57323,Cc1cccc(C)c1-c1cc2cnc(N)nc2nc1NC(=O)NC(C)(C)C,6.214670164989233
CHEMBL57347,CN1CCN(CCCNc2ncc3cc(-c4c(Cl)cccc4Cl)c(NC(=O)NC(C)(C)C)nc3n2)CC1,6.823908740944319
CHEMBL75188,Cc1cc(C)c(C)c(-c2cc3cnc(NCCCN4CCN(C)CC4)nc3nc2NC(=O)NC(C)(C)C)c1C,5.154901959985743
CHEMBL131020,CO[C@H]1[C@@H](N(C)S(C)(=O)=O)C[C@@H]2O[C@@]1(C)n1c3ccccc3c3c4c(c5c6ccccc6n2c5c31)C(=O)NC4,5.958607314841775
CHEMBL131590,CO[C@H]1[C@@H](N(C)C(=O)c2ccccc2Cl)C[C@@H]2O[C@@]1(C)n1c3ccccc3c3c4c(c5c6ccccc6n2c5c31)C(=O)NC4,5.327902142064283
CHEMBL160846,CS(=O)(=O)CCNc1nc(-c2ccc3ncnc(Nc4ccc(OCc5ccccc5)c(Cl)c4)c3c2)cs1,8.096910013008056
CHEMBL160846,CS(=O)(=O)CCNc1nc(-c2ccc3ncnc(Nc4ccc(OCc5ccccc5)c(Cl)c4)c3c2)cs1,6.638272163982407
CHEMBL26001,O=P(O)(O)C(O)c1ccc2ccccc2c1,3.6020599913279625
CHEMBL444337,COC(=O)CN(C)[C@H]1C[C@@H]2O[C@](C)([C@H]1OC)n1c3ccccc3c3c4c(c5c6ccccc6n2c5c31)C(=O)NC4,5.886056647693163
CHEMBL422347,CS(=O)(=O)CCNc1nc(-c2ccc3ncnc(Nc4ccc(OCc5ccccc5)cc4)c3c2)cs1,7.086186147616283
CHEMBL422347,CS(=O)(=O)CCNc1nc(-c2ccc3ncnc(Nc4ccc(OCc5ccccc5)cc4)c3c2)cs1,5.795880017344075
CHEMBL77030,N#C/C(=C\c1ccc(O)c(O)c1)C(N)=S,5.154901959985743
CHEMBL131426,CO[C@H]1[C@@H](N(C)CCC#N)C[C@@H]2O[C@@]1(C)n1c3ccccc3c3c4c(c5c6ccccc6n2c5c31)C(=O)NC4,5.958607314841775
CHEMBL160303,CS(=O)(=O)CCNc1nc(-c2ccc3ncnc(Nc4ccc5c(cnn5Cc5ccccc5)c4)c3c2)cs1,7.1487416512809245
CHEMBL160303,CS(=O)(=O)CCNc1nc(-c2ccc3ncnc(Nc4ccc5c(cnn5Cc5ccccc5)c4)c3c2)cs1,6.958607314841775
CHEMBL338935,CO[C@H]1[C@@H](N(C)C(=O)CN)C[C@@H]2O[C@@]1(C)n1c3ccccc3c3c4c(c5c6ccccc6n2c5c31)C(=O)NC4,6.657577319177793
CHEMBL269620,CS(=O)(=O)CCNc1nc(-c2ccc3ncnc(Nc4ccc(OCc5cccc(C(F)(F)F)c5)cc4)c3c2)cs1,6.267606240177032
CHEMBL269620,CS(=O)(=O)CCNc1nc(-c2ccc3ncnc(Nc4ccc(OCc5cccc(C(F)(F)F)c5)cc4)c3c2)cs1,4.7447274948966935
CHEMBL335012,CO[C@H]1[C@@H](N(C)C(=O)c2cccnc2)C[C@@H]2O[C@@]1(C)n1c3ccccc3c3c4c(c5c6ccccc6n2c5c31)C(=O)NC4,5.087246696328677
CHEMBL76599,CC(C)(C)NC(=O)Nc1nc2nc(N)ncc2cc1-c1ccccc1,5.257274868695301
CHEMBL299026,CCN(CC)CCCNc1ncc2cc(-c3c(Cl)cccc3Cl)c(NC(=O)NC(C)(C)C)nc2n1,5.207608310501746
CHEMBL132348,CO[C@H]1[C@@H](N(C)CC(=O)O)C[C@@H]2O[C@@]1(C)n1c3ccccc3c3c4c(c5c6ccccc6n2c5c31)C(=O)NC4,7.508638306165727
CHEMBL132169,COc1ccc(C(=O)N(C)[C@H]2C[C@@H]3O[C@](C)([C@H]2OC)n2c4ccccc4c4c5c(c6c7ccccc7n3c6c42)C(=O)NC5)cc1,5.443697499232712
CHEMBL335648,CO[C@H]1[C@@H]([N+](C)(C)C)C[C@@H]2O[C@@]1(C)n1c3ccccc3c3c4c(c5c6ccccc6n2c5c31)C(=O)NC4,7.721246399047171
CHEMBL299763,COc1cc(OC)cc(-c2cc3cnc(N)nc3nc2NC(=O)NC(C)(C)C)c1,4.301029995663981
CHEMBL155761,CS(=O)(=O)CCNc1nc(-c2ccc3ncnc(Nc4ccc(OCc5cccc(F)c5)c(Cl)c4)c3c2)cs1,8.0
CHEMBL155761,CS(=O)(=O)CCNc1nc(-c2ccc3ncnc(Nc4ccc(OCc5cccc(F)c5)c(Cl)c4)c3c2)cs1,7.096910013008056
CHEMBL45827,CCN(CC)CCCCNc1ncc2cc(-c3c(Cl)cccc3Cl)c(NC(=O)NC(C)(C)C)nc2n1,6.619788758288394
CHEMBL335718,CCCCC(O)CN(C)[C@H]1C[C@@H]2O[C@](C)([C@H]1OC)n1c3ccccc3c3c4c(c5c6ccccc6n2c5c31)C(=O)NC4,5.886056647693163
CHEMBL130163,CO[C@H]1[C@@H](N(C)C(C)=O)C[C@@H]2O[C@@]1(C)n1c3ccccc3c3c4c(c5c6ccccc6n2c5c31)C(=O)NC4,5.585026652029182
CHEMBL335932,CO[C@H]1[C@@H](N(C)C(=O)C(F)(F)F)C[C@@H]2O[C@@]1(C)n1c3ccccc3c3c4c(c5c6ccccc6n2c5c31)C(=O)NC4,5.1938200260161125
CHEMBL336192,COC(=O)c1ccc(C(=O)N(C)[C@H]2C[C@@H]3O[C@](C)([C@H]2OC)n2c4ccccc4c4c5c(c6c7ccccc7n3c6c42)C(=O)NC5)cc1,5.130768280269024
CHEMBL157084,CS(=O)(=O)CCNc1nc(-c2ccc3ncnc(Nc4ccc(F)c(Cl)c4)c3c2)cs1,7.455931955649724
CHEMBL157084,CS(=O)(=O)CCNc1nc(-c2ccc3ncnc(Nc4ccc(F)c(Cl)c4)c3c2)cs1,6.2441251443275085
CHEMBL388978,CN[C@@H]1C[C@H]2O[C@@](C)([C@@H]1OC)n1c3ccccc3c3c4c(c5c6ccccc6n2c5c31)C(=O)NC4,7.0
CHEMBL129946,CCN(C)[C@H]1C[C@@H]2O[C@](C)([C@H]1OC)n1c3ccccc3c3c4c(c5c6ccccc6n2c5c31)C(=O)NC4,6.481486060122113
CHEMBL337027,CO[C@H]1[C@@H](N(C)C(=O)CCC(=O)O)C[C@@H]2O[C@@]1(C)n1c3ccccc3c3c4c(c5c6ccccc6n2c5c31)C(=O)NC4,6.795880017344075
CHEMBL338449,CO[C@H]1[C@@H](N(C)C(=O)OC(C)(C)C)C[C@@H]2O[C@@]1(C)n1c3ccccc3c3c4c(c5c6ccccc6n2c5c31)C(=O)NC4,4.8696662315049934
CHEMBL130049,COC(=O)N(C)[C@H]1C[C@@H]2O[C@](C)([C@H]1OC)n1c3ccccc3c3c4c(c5c6ccccc6n2c5c31)C(=O)NC4,5.619788758288394
CHEMBL56236,Cc1cc(C)c(C)c(-c2cc3cnc(N)nc3nc2NC(=O)NC(C)(C)C)c1C,5.175223537524454
CHEMBL335931,CO[C@H]1[C@@H](N(C)C(=O)CNC(=O)OC(C)(C)C)C[C@@H]2O[C@@]1(C)n1c3ccccc3c3c4c(c5c6ccccc6n2c5c31)C(=O)NC4,5.455931955649724
CHEMBL132170,CO[C@H]1[C@@H](N(C)C(=O)c2cc([N+](=O)[O-])cc([N+](=O)[O-])c2)C[C@@H]2O[C@@]1(C)n1c3ccccc3c3c4c(c5c6ccccc6n2c5c31)C(=O)NC4,4.154901959985743
CHEMBL337026,CN[C@H]1C[C@@H]2O[C@](C)([C@H]1OC)n1c3ccccc3c3c4c(c5c6ccccc6n2c5c31)C(=O)NC4=O,6.698970004336019
CHEMBL340611,CC[N+](C)(C)[C@H]1C[C@@H]2O[C@](C)([C@H]1OC)n1c3ccccc3c3c4c(c5c6ccccc6n2c5c31)C(=O)NC4,7.366531544420414
CHEMBL56543,N#C/C(=C\c1ccc(O)c(O)c1)C(=O)NCc1ccccc1,5.154901959985743
CHEMBL131456,COC(=O)CN1Cc2c(c3c4ccccc4n4c3c3c2c2ccccc2n3[C@]2(C)O[C@H]4C[C@H](N(C)C(=O)c3ccccc3)[C@@H]2OC)C1=O,4.0
CHEMBL338944,CO[C@H]1[C@@H](N(C)C(=O)c2cccc(Cl)c2)C[C@@H]2O[C@@]1(C)n1c3ccccc3c3c4c(c5c6ccccc6n2c5c31)C(=O)NC4,5.337242168318426
CHEMBL57366,CC(C)(C)NC(=O)Nc1nc2nc(N)ncc2cc1-c1c(Cl)cccc1Cl,6.346787486224656
CHEMBL337297,CO[C@H]1[C@@H](N(C)C(=O)c2cnccn2)C[C@@H]2O[C@@]1(C)n1c3ccccc3c3c4c(c5c6ccccc6n2c5c31)C(=O)NC4,5.087246696328677
CHEMBL338049,CN[C@H]1C[C@@H]2O[C@](C)([C@H]1OC)n1c3ccccc3c3c4c(c5c6ccccc6n2c5c31)C(=O)N[C@@H]4O,7.769551078621726
CHEMBL432738,CCNC(=O)Nc1nc2nc(N)ncc2cc1-c1c(Cl)cccc1Cl,5.866461091629782
CHEMBL131193,CO[C@H]1[C@@H](N(C)Cc2ccccc2)C[C@@H]2O[C@@]1(C)n1c3ccccc3c3c4c(c5c6ccccc6n2c5c31)C(=O)NC4,6.040958607678906
CHEMBL337035,CNC(=S)N(C)[C@H]1C[C@@H]2O[C@](C)([C@H]1OC)n1c3ccccc3c3c4c(c5c6ccccc6n2c5c31)C(=O)NC4,4.903089986991944
CHEMBL415233,CO[C@H]1[C@@H](N(C)C(=O)c2ccccc2)C[C@@H]2O[C@@]1(C)n1c3ccccc3c3c4c(c5c6ccccc6n2c5c31)C(=O)N(Cc1ccccc1)C4,4.0
CHEMBL338155,CN[C@H]1C[C@@H]2O[C@](C)([C@H]1OC)n1c3ccccc3c3c4c(c5c6ccccc6n2c5c31)[C@H](O)NC4=O,6.585026652029182
CHEMBL301483,CCNC(=O)Nc1nc2nc(NCCCCN(CC)CC)ncc2cc1-c1c(Cl)cccc1Cl,5.8996294548824375
CHEMBL130208,CO[C@H]1[C@@H](N(C)C(=O)c2cccc([N+](=O)[O-])c2)C[C@@H]2O[C@@]1(C)n1c3ccccc3c3c4c(c5c6ccccc6n2c5c31)C(=O)NC4,5.318758762624412
CHEMBL304668,COc1cc2cc(-c3cccnc3)cnc2cc1OC,4.6020599913279625
CHEMBL55993,Cc1cc(C)c(C(=O)/C(C#N)=C/c2ccc(O)c(O)c2)c(C)c1,4.719999935717911
CHEMBL66925,COc1ccc(-c2cnc3cc(OC)c(OC)cc3c2)cc1C,4.698970004336019
CHEMBL55360,Cc1cccc(C)c1NC(=O)/C(C#N)=C/c1ccc(O)c(O)c1,4.989999996723885
CHEMBL56731,N#C/C(=C\c1ccc(O)c(O)c1)C(=O)Nc1ccccc1,5.899998417198648
CHEMBL333454,COc1cc(/C=C(\C#N)C(N)=O)cc(CSc2ccc(C)cc2)c1O,5.760000207113128
CHEMBL122522,COc1cc(C=C(C#N)C#N)cc(CSc2ccccc2)c1O,5.169999984192581
CHEMBL56219,N#C/C(=C\c1ccc(O)c(O)c1)C(=O)Nc1ccccc1Cl,5.679999195735272
CHEMBL118205,COc1cc(/C=C(\C#N)C(N)=O)cc(CSc2nc3ccccc3o2)c1O,5.280000380871156
CHEMBL2448064,COc1cc2c(Nc3ccc(Cl)cc3F)ncnc2cc1OCC1CCNCC1.Cl,6.522878745280337
CHEMBL2448064,COc1cc2c(Nc3ccc(Cl)cc3F)ncnc2cc1OCC1CCNCC1.Cl,7.0
CHEMBL308879,COc1cc2cc(O)cnc2cc1OC,4.698970004336019
CHEMBL417740,COc1cc2cc(-c3ccc4ccccc4c3)cnc2cc1OC,4.698970004336019
CHEMBL70130,COc1ccc(-c2cnc3cc(OC)c(OC)cc3c2)cc1,4.698970004336019
CHEMBL66107,COc1cc2cc(-c3cc(OC)c(OC)c(OC)c3)cnc2cc1OC,4.698970004336019
CHEMBL25579,COc1cc2c(Nc3ccc(Cl)cc3F)ncnc2cc1OCCN(C)c1ccncc1,6.522878745280337
CHEMBL25579,COc1cc2c(Nc3ccc(Cl)cc3F)ncnc2cc1OCCN(C)c1ccncc1,6.698970004336019
CHEMBL24026,COc1cc2c(Nc3ccc(C#N)cc3F)ncnc2cc1OC/C=C/CN1CCCC1,6.096910013008056
CHEMBL24026,COc1cc2c(Nc3ccc(C#N)cc3F)ncnc2cc1OC/C=C/CN1CCCC1,5.853871964321762
CHEMBL66705,COc1cc2cccnc2cc1OC,4.698970004336019
CHEMBL116595,COc1cc(/C=C(\C#N)C(N)=O)cc(CSc2ccccc2)c1O,6.399996913372259
CHEMBL324030,COc1cc(/C=C(\C#N)C(N)=O)cc(CSC2=NCCS2)c1O,5.059999795537068
CHEMBL307093,Fc1ccc2cc(-c3ccsc3)cnc2c1,4.698970004336019
CHEMBL417941,N#C/C(=C\c1ccc(O)c(O)c1)C(=O)NC1CCCCC1,5.229999745811777
CHEMBL326100,COc1cc(/C=C(\C#N)C(N)=O)cc(CSCc2ccccc2Cl)c1O,6.0
CHEMBL304336,COc1cc2cc(-c3cccs3)cnc2cc1OC,4.698970004336019
CHEMBL68185,COc1ccc2cc(-c3ccsc3)cnc2c1,4.698970004336019
CHEMBL56542,N#C/C(=C\c1ccc(O)c(O)c1)C(=O)N1CCc2ccccc21,4.920000156997057
CHEMBL293749,N#C/C(=C\c1ccc(O)c(O)c1)C(=O)NCCc1ccccc1,6.209996479609511
CHEMBL143212,COc1cc(/C=C(\C#N)C(N)=O)cc(CSc2cccc3ccccc23)c1O,5.770000934050708
CHEMBL135861,CNC(=O)c1c([Se][Se]c2[nH]c3ccccc3c2C(=O)NC)[nH]c2ccccc12,4.886056647693163
CHEMBL66100,COc1ccc(-c2cnc3cc(OC)c(OC)cc3c2)cc1OC,4.698970004336019
CHEMBL303704,COc1cc2cc(-c3ccc(O)cc3)cnc2cc1OC,4.698970004336019
CHEMBL66787,COc1ccc(CCc2cnc3cc(OC)c(OC)cc3c2)cc1,4.698970004336019
CHEMBL440298,N#C/C(=C\c1ccc(O)c(O)c1)C(=O)NCCCCc1ccccc1,5.300000202445418
CHEMBL428534,COc1cc2c(Nc3ccc(C)cc3F)ncnc2cc1OCC1CCNCC1,6.301029995663981
CHEMBL428534,COc1cc2c(Nc3ccc(C)cc3F)ncnc2cc1OCC1CCNCC1,6.346787486224656
CHEMBL326318,COc1cc(/C=C(\C#N)C(N)=O)cc(CSCc2ccccc2)c1O,6.050000457140078
CHEMBL1161234,COc1cc(/C=C(\C#N)C(N)=O)cc(SCCCC(=O)O)c1O,4.319999993033794
CHEMBL69378,c1cc(-c2cnc3cc4c(cc3c2)OCO4)cs1,4.698970004336019
CHEMBL306234,COc1cc2cc(-c3sccc3Cl)cnc2cc1OC,4.698970004336019
CHEMBL281872,COc1cc2c(Nc3ccc(Br)cc3F)ncnc2cc1OCCn1ccnn1,6.3979400086720375
CHEMBL281872,COc1cc2c(Nc3ccc(Br)cc3F)ncnc2cc1OCCn1ccnn1,7.301029995663981
CHEMBL281990,COc1cc2c(Nc3ccc(C)cc3F)ncnc2cc1OCC1CCN(C)CC1,6.0
CHEMBL281990,COc1cc2c(Nc3ccc(C)cc3F)ncnc2cc1OCC1CCN(C)CC1,6.3979400086720375
CHEMBL422758,COc1cc2c(Nc3c(F)cc(Cl)cc3F)ncnc2cc1OCC1CCN(C)CC1,6.346787486224656
CHEMBL422758,COc1cc2c(Nc3c(F)cc(Cl)cc3F)ncnc2cc1OCC1CCN(C)CC1,6.522878745280337
CHEMBL25450,COc1cc2c(Nc3c(F)cc(Cl)cc3F)ncnc2cc1OCC1CCNCC1,6.301029995663981
CHEMBL25450,COc1cc2c(Nc3c(F)cc(Cl)cc3F)ncnc2cc1OCC1CCNCC1,6.221848749616356
CHEMBL1907763,COc1cc2c(Nc3ccc(Cl)cc3F)ncnc2cc1OC[C@@H]1CCCN(C)C1,7.0
CHEMBL1907763,COc1cc2c(Nc3ccc(Cl)cc3F)ncnc2cc1OC[C@@H]1CCCN(C)C1,6.823908740944319
CHEMBL24137,COc1cc2c(Nc3ccc(Cl)cc3F)ncnc2cc1OCCCN1CCOCC1,7.0
CHEMBL24137,COc1cc2c(Nc3ccc(Cl)cc3F)ncnc2cc1OCCCN1CCOCC1,6.698970004336019
CHEMBL263666,CCN(CC)CCNC(=O)c1c([Se][Se]c2c(C(=O)NCCN(CC)CC)c3ccccc3n2C)n(C)c2ccccc12,5.327902142064283
CHEMBL67219,COc1cc2cc(-c3ccc(C)cc3)cnc2cc1OC,4.698970004336019
CHEMBL67170,COc1cc2cc(-c3ccc(OC)c([N+](=O)[O-])c3)cnc2cc1OC,4.698970004336019
CHEMBL116423,Cc1cc(C=C(C#N)C#N)cc(O)c1O,4.210000001311122
CHEMBL24828,COc1cc2/c(=N/c3ccc(Br)cc3F)nc[nH]c2cc1OCC1CCN(C)CC1,6.698970004336019
CHEMBL24828,COc1cc2/c(=N/c3ccc(Br)cc3F)nc[nH]c2cc1OCC1CCN(C)CC1,7.0
CHEMBL308210,COc1cc2cc(-c3ccc(OCc4ccccc4)cc3)cnc2cc1OC,4.698970004336019
CHEMBL430605,COc1ccc2cc(-c3c[nH]c4ccccc34)cnc2c1OC,4.698970004336019
CHEMBL308466,COc1cccc(-c2cnc3cc(OC)c(OC)cc3c2)c1,4.698970004336019
CHEMBL67059,COc1cc2cc(C#Cc3ccccc3)cnc2cc1OC,4.698970004336019
CHEMBL66785,COc1cc2cc(C3CCCC3)cnc2cc1OC,4.698970004336019
CHEMBL303184,COc1ccc2ncc(-c3ccsc3)cc2c1,4.698970004336019
CHEMBL303037,COc1cc2cc(N)cnc2cc1OC,4.698970004336019
CHEMBL56319,CCOC(=O)C(Cc1ccccc1)NC(=O)/C(C#N)=C/c1ccc(O)c(O)c1,4.3100000171743025
CHEMBL53898,N#C/C(=C\c1ccc(O)c(O)c1)C(=O)NCCCc1ccccc1,6.149997413907539
CHEMBL66786,COc1cc2cc(CCC3CCCCC3)cnc2cc1OC,4.698970004336019
CHEMBL56393,N#C/C(=C\c1ccc(O)c(O)c1)C(=O)c1ccc(O)c(O)c1,5.300000202445418
CHEMBL1161236,COc1cc(C=C(C#N)C#N)cc(SCC(=O)O)c1O,4.2699999970646445
CHEMBL143805,N#C/C(=C\c1ccc(O)c(O)c1)C(=O)NCc1ccc(O)cc1,5.5200002474083645
CHEMBL1744349,COc1cc2c(Nc3ccc(Cl)cc3F)ncnc2cc1OC/C=C/CN1CCCC1.Cl,7.045757490560675
CHEMBL1744349,COc1cc2c(Nc3ccc(Cl)cc3F)ncnc2cc1OC/C=C/CN1CCCC1.Cl,7.096910013008056
CHEMBL24979,COc1cc2c(Nc3ccc(Br)cc3F)ncnc2cc1OCCC1CCN(C)CC1,6.698970004336019
CHEMBL24979,COc1cc2c(Nc3ccc(Br)cc3F)ncnc2cc1OCCC1CCN(C)CC1,6.823908740944319
CHEMBL2448065,COc1cc2c(Nc3ccc(Cl)cc3F)ncnc2cc1OCC1CCN(C)CC1.Cl,6.522878745280337
CHEMBL2448065,COc1cc2c(Nc3ccc(Cl)cc3F)ncnc2cc1OCC1CCN(C)CC1.Cl,7.0
CHEMBL302745,COc1ccc(-c2cnc3cc(OC)c(OC)cc3c2)s1,4.698970004336019
CHEMBL70149,COc1cc2cc(/C=C/c3ccccc3)cnc2cc1OC,4.698970004336019
CHEMBL63356,Oc1cc2cc(-c3cccnc3)cnc2cc1O,6.301029995663981
CHEMBL65850,COc1cc2cc(NCc3ccccc3)cnc2cc1OC,4.698970004336019
CHEMBL296407,N#C/C(=C\c1ccc(O)c(O)c1)C(N)=O,5.349999603463148
CHEMBL1907764,COc1cc2c(Nc3ccc(Br)cc3F)ncnc2cc1OC[C@@H]1CCCN(C)C1,6.698970004336019
CHEMBL1907764,COc1cc2c(Nc3ccc(Br)cc3F)ncnc2cc1OC[C@@H]1CCCN(C)C1,6.823908740944319
CHEMBL66071,COc1cc(OC)c2cc(-c3ccsc3)cnc2c1,4.698970004336019
CHEMBL67991,COc1ccc(-c2cnc3cc(OC)c(OC)cc3c2)c(OC)c1,4.698970004336019
CHEMBL303391,COc1ccc2cc(-c3cccnc3)cnc2c1OC,4.6020599913279625
CHEMBL118321,COc1cc(C=C(C#N)C#N)cc(CSc2ccccc2C(=O)O)c1O,5.100000128334196
CHEMBL115895,COc1cc(/C=C(\C#N)C(N)=O)cc(CSc2ccccc2NC(C)=O)c1O,4.659999925349902
CHEMBL283088,COc1cc2c(Nc3ccc(Cl)cc3F)ncnc2cc1OCCN1CCN(C)CC1,6.698970004336019
CHEMBL2448067,COc1cc2c(Nc3ccc(Cl)cc3F)ncnc2cc1OCCCN1CCCC1.Cl,7.0
CHEMBL56879,N#C/C(=C\c1ccc(O)c(O)c1)C(=O)c1ccc([N+](=O)[O-])cc1,4.960000077688649
CHEMBL331026,COc1cc(/C=C(\C#N)C(N)=O)cc(CSc2nc3ccccc3[nH]2)c1O,4.8399999311187
CHEMBL1202477,COc1cc2c(Nc3ccc(Br)cc3F)ncnc2cc1OCCCN1CCN(C)CC1.Cl,7.0
CHEMBL1202477,COc1cc2c(Nc3ccc(Br)cc3F)ncnc2cc1OCCCN1CCN(C)CC1.Cl,7.045757490560675
CHEMBL416191,COc1cc2c(Nc3c(F)cc(Br)cc3F)ncnc2cc1OCC1CCN(C)CC1,6.522878745280337
CHEMBL416191,COc1cc2c(Nc3c(F)cc(Br)cc3F)ncnc2cc1OCC1CCN(C)CC1,6.3979400086720375
CHEMBL66618,COc1cc2cc(C3=CCCC3)cnc2cc1OC,4.698970004336019
CHEMBL67027,COc1ccc(/C=C(\C#N)c2cccnc2)cc1OC,6.154901959985743
CHEMBL140213,CC(C)(C)Oc1cc(/C=C(\C#N)C(=N)S)cc(C(C)(C)C)c1O,3.300000003143145
CHEMBL533849,COc1cc2c(Nc3ccc(Br)cc3F)ncnc2cc1OCC1CCN(C)CC1.Cl,6.301029995663981
CHEMBL533849,COc1cc2c(Nc3ccc(Br)cc3F)ncnc2cc1OCC1CCN(C)CC1.Cl,6.769551078621726
CHEMBL1907944,COc1cc2c(Nc3ccc(Br)cc3F)ncnc2cc1OC[C@H]1CCCN(C)C1,7.0
CHEMBL1907944,COc1cc2c(Nc3ccc(Br)cc3F)ncnc2cc1OC[C@H]1CCCN(C)C1,6.823908740944319
CHEMBL336409,N[C@H](Cc1c([Se][Se]c2[nH]c3ccccc3c2C[C@H](N)C(=O)NCc2ccccc2)[nH]c2ccccc12)C(=O)NCc1ccccc1,6.045757490560675
CHEMBL336409,N[C@H](Cc1c([Se][Se]c2[nH]c3ccccc3c2C[C@H](N)C(=O)NCc2ccccc2)[nH]c2ccccc12)C(=O)NCc1ccccc1,5.376750709602099
CHEMBL303872,Cc1ccc(C)c2ncc(-c3ccsc3)cc12,4.698970004336019
CHEMBL302491,COc1cc2cc(-c3cccc(F)c3)cnc2cc1OC,4.698970004336019
CHEMBL304333,Cc1cc(C)c2cc(-c3ccsc3)cnc2c1,4.698970004336019
CHEMBL66924,COc1cc2cc(-c3cc(F)c(OC)c(F)c3)cnc2cc1OC,4.698970004336019
CHEMBL342929,CNC(=O)c1c(SSc2c(C(=O)NC)c3ccccc3n2C)n(C)c2ccccc12,5.161150909262744
CHEMBL135577,CCN(CC)CCNC(=O)c1c([Se][Se]c2[nH]c3ccccc3c2C(=O)NCCN(CC)CC)[nH]c2ccccc12,5.337242168318426
CHEMBL419248,COc1cc2cc(-c3ccccc3OC)cnc2cc1OC,4.698970004336019
CHEMBL66932,COc1cc2cc(OCc3ccccc3)cnc2cc1OC,4.698970004336019
CHEMBL115519,COc1cc(/C=C(\C#N)C(N)=O)cc(CSc2nc3cc(Cl)ccc3s2)c1O,4.079999984911641
CHEMBL119156,COc1cc(/C=C(\C#N)C(N)=O)cc(CSc2ccccn2)c1O,5.470000200122707
CHEMBL119987,COc1cc(/C=C(\C#N)C(N)=O)cc(CSc2ccccc2C(=O)O)c1O,6.149997413907539
CHEMBL54471,Cc1ccc(C(=O)/C(C#N)=C/c2ccc(O)c(O)c2)cc1,4.820000071285178
CHEMBL1744347,COc1cc2c(Nc3ccc(Cl)cc3F)ncnc2cc1OCCCN1CCN(C)CC1.Cl,7.1249387366083
CHEMBL1744347,COc1cc2c(Nc3ccc(Cl)cc3F)ncnc2cc1OCCCN1CCN(C)CC1.Cl,7.0
CHEMBL334915,Cn1c([Se][Se]c2c(C(=O)O)c3ccccc3n2C)c(C(=O)O)c2ccccc21,5.455931955649724
CHEMBL66063,COc1cc2cc(-c3ccccc3)cnc2cc1OC,4.698970004336019
CHEMBL69820,COc1cc2cc(-c3ccc(Cl)s3)cnc2cc1OC,4.698970004336019
CHEMBL55979,CC(NC(=O)/C(C#N)=C/c1ccc(O)c(O)c1)c1ccccc1,5.59999938302362
CHEMBL25610,COc1cc2c(Nc3ccc(Cl)cc3F)ncnc2cc1OCCN1CCOCC1,6.3979400086720375
CHEMBL25610,COc1cc2c(Nc3ccc(Cl)cc3F)ncnc2cc1OCCN1CCOCC1,6.522878745280337
CHEMBL137422,CNC(=O)c1c([Se][Se]c2c(C(=O)NC)c3ccccc3n2C)n(C)c2ccccc12,5.214670164989233
CHEMBL66643,COc1cc2cc(-c3ccsc3)cnc2cc1OC,4.698970004336019
CHEMBL66981,COc1cc2cc(-c3ccc(O)nc3)cnc2cc1OC,4.698970004336019
CHEMBL141238,Cc1cc(C)c(NC(=O)/C(C#N)=C/c2ccc(O)c(O)c2)c(C)c1,4.719999935717911
CHEMBL336174,NC(Cc1c(SSc2[nH]c3ccccc3c2CC(N)C(=O)NCc2ccccc2)[nH]c2ccccc12)C(=O)NCc1ccccc1,5.130768280269024
CHEMBL336174,NC(Cc1c(SSc2[nH]c3ccccc3c2CC(N)C(=O)NCc2ccccc2)[nH]c2ccccc12)C(=O)NCc1ccccc1,4.0
CHEMBL67424,COc1cc2cc(-c3ccc(F)c(F)c3)cnc2cc1OC,4.698970004336019
CHEMBL68401,COc1cc2cc(-c3ccc(F)cc3)cnc2cc1OC,4.698970004336019
CHEMBL26641,COc1cc2c(Nc3ccc(Br)cc3F)ncnc2cc1OCCC1CCNCC1,6.698970004336019
CHEMBL26641,COc1cc2c(Nc3ccc(Br)cc3F)ncnc2cc1OCCC1CCNCC1,7.096910013008056
CHEMBL334439,CCN(CC)CCn1c([Se][Se]c2c(C(=O)NC)c3ccccc3n2CCN(CC)CC)c(C(=O)NC)c2ccccc21,5.161150909262744
CHEMBL66612,COc1ccc(-c2cnc3cc(OC)c(OC)cc3c2)cn1,4.698970004336019
CHEMBL66502,COc1cc2cc(-c3ccc(N(C)C)cc3)cnc2cc1OC,4.698970004336019
CHEMBL66101,COc1ccc(/C=C/c2cnc3cc(OC)c(OC)cc3c2)cc1,4.698970004336019
CHEMBL66329,COc1cc2cc(-c3ccc(-c4ccccc4)cc3)cnc2cc1OC,4.698970004336019
CHEMBL67702,COc1cc2cc(-c3ccc(Cl)c(Cl)c3)cnc2cc1OC,4.698970004336019
CHEMBL304310,c1ccc2ncc(-c3ccsc3)cc2c1,4.698970004336019
CHEMBL59145,N#C/C(=C\c1ccc(O)c(O)c1)C(=O)c1ccccc1Cl,5.180000294489514
CHEMBL118109,COc1cc(/C=C(\C#N)C(N)=O)cc(CSc2nc3ccccc3s2)c1O,4.719999935717911
CHEMBL343875,CCOc1ccc2sc(SCc3cc(/C=C(\C#N)C(N)=O)cc(OC)c3O)nc2c1,3.7800000019463225
CHEMBL334973,Cn1c([Se][Se]c2c(C(=O)OC(C)(C)C)c3ccccc3n2C)c(C(=O)OC(C)(C)C)c2ccccc21,4.0
CHEMBL66008,COc1cc2cc([N+](=O)[O-])cnc2cc1OC,4.698970004336019
CHEMBL279459,COc1cc2c(Nc3c(F)cc(Br)cc3F)ncnc2cc1OCC1CCNCC1,6.346787486224656
CHEMBL279459,COc1cc2c(Nc3c(F)cc(Br)cc3F)ncnc2cc1OCC1CCNCC1,6.3979400086720375
CHEMBL135241,O=C(NCc1ccccc1)[C@H](Cc1c([Se]c2[nH]c3ccccc3c2C[C@@H](NC(=O)C(F)(F)F)C(=O)NCc2ccccc2)[nH]c2ccccc12)NC(=O)C(F)(F)F,4.301029995663981
CHEMBL65858,C(=C/c1cnc2ccccc2c1)\c1ccccc1,4.698970004336019
CHEMBL55994,N#C/C(=C\c1ccc(O)c(O)c1)C(=O)c1cccs1,4.510000060783275
CHEMBL334032,COc1cc(C=C(C#N)C#N)cc(CS(=O)(=O)c2ccc(C)cc2)c1O,4.639999934172963
CHEMBL1202473,COc1cc2c(Nc3cc(O)c(C)cc3F)ncnc2cc1OCC1CCN(C)CC1.Cl,6.522878745280337
CHEMBL1202473,COc1cc2c(Nc3cc(O)c(C)cc3F)ncnc2cc1OCC1CCN(C)CC1.Cl,6.698970004336019
CHEMBL25425,COc1cc2c(Nc3ccc(Cl)cc3F)ncnc2cc1OCCC1CCN(C)CC1,6.522878745280337
CHEMBL25425,COc1cc2c(Nc3ccc(Cl)cc3F)ncnc2cc1OCCC1CCN(C)CC1,6.698970004336019
CHEMBL67436,COc1ccc(-c2cnc3cc(OC)c(OC)cc3c2)cc1F,4.698970004336019
CHEMBL55204,N#C/C(=C\c1ccc(O)c(O)c1)C(=O)c1ccc(F)cc1,5.290000325166601
CHEMBL286160,COCCOc1cc2ncnc(Nc3ccc(Cl)cc3F)c2cc1OC,7.0
CHEMBL2448066,COc1cc2c(Nc3cc(O)c(Cl)cc3F)ncnc2cc1OCC1CCN(C)CC1.Cl,7.0
CHEMBL2448066,COc1cc2c(Nc3cc(O)c(Cl)cc3F)ncnc2cc1OCC1CCN(C)CC1.Cl,7.154901959985743
CHEMBL336409,N[C@H](Cc1c([Se][Se]c2[nH]c3ccccc3c2C[C@H](N)C(=O)NCc2ccccc2)[nH]c2ccccc12)C(=O)NCc1ccccc1,5.886056647693163
CHEMBL302545,COc1cc2cc(-c3c[nH]c4ccccc34)cnc2cc1OC,4.698970004336019
CHEMBL57251,COc1ccc(NC(=O)/C(C#N)=C/c2ccc(O)c(O)c2)c(OC)c1,4.600000074606178
CHEMBL56543,N#C/C(=C\c1ccc(O)c(O)c1)C(=O)NCc1ccccc1,6.299997602857746
CHEMBL309116,c1ccc2ncc(-c3c[nH]c4ccccc34)cc2c1,4.698970004336019
CHEMBL63575,COc1cc2cc(C#CC3CCCCC3)cnc2cc1OC,4.698970004336019
CHEMBL56132,N#C/C(=C\c1ccc(O)c(O)c1)C(=O)c1ccccc1,4.849999859991125
CHEMBL120564,COc1cc(C=C(C#N)C#N)cc(C)c1O,4.059999994991732
CHEMBL1202478,COc1cc2c(Nc3ccc(Br)cc3F)ncnc2cc1OC/C=C/CN1CCCC1.Cl,7.0
CHEMBL1202478,COc1cc2c(Nc3ccc(Br)cc3F)ncnc2cc1OC/C=C/CN1CCCC1.Cl,7.045757490560675
CHEMBL66718,Clc1cc2cc(-c3ccsc3)cnc2cc1Cl,4.698970004336019
CHEMBL432428,N#C/C(=C\c1cc(O)c(O)c(CSCc2ccccc2)c1)C(N)=O,6.190002844637807
CHEMBL141175,COc1cc(/C=C(/C#N)C(N)=O)cc(CSCc2ccc(Cl)cc2)c1O,4.800000052738446
CHEMBL69585,COc1cc2cc(-c3ccc([N+](=O)[O-])cc3)cnc2cc1OC,4.698970004336019
CHEMBL336410,O=C(NCc1ccccc1)[C@H](Cc1c([Se][Se]c2[nH]c3ccccc3c2C[C@@H](NC(=O)C(F)(F)F)C(=O)NCc2ccccc2)[nH]c2ccccc12)NC(=O)C(F)(F)F,5.154901959985743
CHEMBL419280,COC(=O)CCCc1c(SSc2c(CCCC(=O)OC)c3ccccc3n2C)n(C)c2ccccc12,4.0
CHEMBL113996,COc1cc2ncc(C#N)c(Nc3ccc(F)c(Cl)c3)c2cc1NC(=O)/C=C/CN1CCOCC1,4.867420152340263
CHEMBL80001,COC(=O)CC1C(=S)N(C)c2ccccc21,4.0
CHEMBL607707,CCOc1cc2ncc(C#N)c(Nc3ccc(F)c(Cl)c3)c2cc1NC(=O)/C=C/CN(C)C,7.096910013008056
CHEMBL325156,CCN(CC)C(C)/C=C/C(=O)Nc1cc2c(Nc3ccc(F)c(Cl)c3)c(C#N)cnc2cc1OC,5.315154638355588
CHEMBL126384,Brc1cccc(Nc2ncnc3cc(NCCCCN4CCOCC4)ncc23)c1,8.267606240177031
CHEMBL129509,Cc1cccc(Nc2ncnc3cc(NCCCN4CCOCC4)ncc23)c1,8.031517051446064
CHEMBL83390,CN1C(=S)C(CCCC(=O)O)c2ccccc21,4.0
CHEMBL84512,COC(=O)CCCC1C(=S)N(C)c2ccccc21,4.0
CHEMBL314029,COC(=O)CCc1c(SSc2c(CCC(=O)OC)c3ccccc3n2C)n(C)c2ccccc12,4.0
CHEMBL420400,COC(=O)CCCc1c(SSc2[nH]c3ccccc3c2CCCC(=O)OC)[nH]c2ccccc12,4.0
CHEMBL114593,COCC#CC(=O)Nc1ccc2ncc(C#N)c(Nc3cccc(Br)c3)c2c1,6.017728766960431
CHEMBL126137,CN(C)CCN(C)c1cc2ncnc(Nc3cccc(Br)c3)c2cn1,7.3979400086720375
CHEMBL128987,Brc1cccc(Nc2ncnc3cc(NCCN4CCOCC4)ncc23)c1,8.494850021680094
CHEMBL128987,Brc1cccc(Nc2ncnc3cc(NCCN4CCOCC4)ncc23)c1,7.443697499232712
CHEMBL435993,OCCN(CCO)CCNc1cc2ncnc(Nc3cccc(Br)c3)c2cn1,8.036212172654444
CHEMBL340898,Cc1cccc(Nc2ncnc3cc(NCCCn4ccnc4)ncc23)c1,8.455931955649724
CHEMBL338215,Cc1cccc(Nc2ncnc3cc(NCCCCN(C)C)ncc23)c1,8.267606240177031
CHEMBL309765,CN1C(=S)C(CCC(=O)O)c2ccccc21,5.173925197299173
CHEMBL309716,COC(=O)CCC1C(S)=Nc2ccccc21,4.0
CHEMBL311811,COC(=O)Cc1c(Sc2c(CC(=O)OC)c3ccccc3n2C)n(C)c2ccccc12,4.0
CHEMBL116857,COc1cc(NC(=O)/C=C/CN(C)C)cc2c(Nc3cccc(Br)c3)c(C#N)cnc12,5.540607512240769
CHEMBL340484,CN1CCN(CCCNc2cc3ncnc(Nc4cccc(Br)c4)c3cn2)CC1,8.309803919971486
CHEMBL127058,OCCN(CCO)CCCNc1cc2ncnc(Nc3cccc(Br)c3)c2cn1,8.920818753952375
CHEMBL128467,O=S(=O)(O)CCNc1cc2ncnc(Nc3cccc(Br)c3)c2cn1,8.853871964321762
CHEMBL128467,O=S(=O)(O)CCNc1cc2ncnc(Nc3cccc(Br)c3)c2cn1,6.0
CHEMBL326280,COCC#CC(=O)Nc1cc2c(Nc3cccc(Br)c3)c(C#N)cnc2cc1OC,6.102372908709558
CHEMBL117326,C=C(CN(C)C)C(=O)Nc1cc2c(Nc3ccc(F)c(Cl)c3)c(C#N)cnc2cc1OCC,6.251811972993799
CHEMBL340700,CN(CC(O)CO)c1cc2ncnc(Nc3cccc(Br)c3)c2cn1,8.494850021680094
CHEMBL338114,Brc1cccc(Nc2ncnc3cc(NCCc4c[nH]cn4)ncc23)c1,9.040958607678906
CHEMBL312402,COC(=O)CCCC1C(S)=Nc2ccccc21,4.0
CHEMBL341319,CN(CCO)c1cc2ncnc(Nc3cccc(Br)c3)c2cn1,8.585026652029182
CHEMBL340508,NNc1cc2ncnc(Nc3cccc(Br)c3)c2cn1,8.148741651280925
CHEMBL115440,COCCOCC#CC(=O)Nc1ccc2ncc(C#N)c(Nc3cccc(Br)c3)c2c1,6.031517051446065
CHEMBL29197,COc1cc2ncnc(Nc3cccc(Br)c3)c2cc1OC,7.154901959985743
CHEMBL84513,O=C(O)CCCC1C(S)=Nc2ccccc21,5.173925197299173
CHEMBL83559,Cc1ccc2[nH]c(SSc3[nH]c4ccc(C)cc4c3CCC(=O)O)c(CCC(=O)O)c2c1,5.075720713938118
CHEMBL79531,O=C(O)CCCc1c(SSc2[nH]c3ccccc3c2CCCC(=O)O)[nH]c2ccccc12,4.7447274948966935
CHEMBL285063,C=CC(=O)Nc1ccc2ncnc(Nc3cccc(Br)c3)c2c1,8.698970004336019
CHEMBL127041,OCCNc1cc2ncnc(Nc3cccc(Br)c3)c2cn1,9.619788758288394
CHEMBL79808,COC(=O)CCc1c(SSc2[nH]c3ccccc3c2CCC(=O)OC)[nH]c2ccccc12,4.6777807052660805
CHEMBL116012,CCOc1cc2ncc(C#N)c(Nc3cccc(Br)c3)c2cc1NC(=O)/C=C/CN1CCOCC1,4.986320302708807
CHEMBL126791,Brc1cccc(Nc2ncnc3cc(NCCCn4ccnc4)ncc23)c1,9.292429823902063
CHEMBL54400,CNc1cc2ncnc(Nc3cccc(Br)c3)c2cn1,9.886056647693163
CHEMBL54400,CNc1cc2ncnc(Nc3cccc(Br)c3)c2cn1,7.795880017344075
CHEMBL128468,O=C(O)CCCNc1cc2ncnc(Nc3cccc(Br)c3)c2cn1,9.55284196865778
CHEMBL341522,Cc1cccc(Nc2ncnc3cc(NCCCN4CCN(C)CC4)ncc23)c1,8.2518119729938
CHEMBL83837,COC(=O)Cc1c(SSc2c(CC(=O)OC)c3ccccc3n2C)n(C)c2ccccc12,4.481486060122112
CHEMBL111038,COc1cc2ncc(C#N)c(Nc3cccc(Br)c3)c2cc1OC,6.721246399047171
CHEMBL339416,[O-][N+]1(CCCNc2cc3ncnc(Nc4cccc(Br)c4)c3cn2)CCOCC1,9.130768280269024
CHEMBL339416,[O-][N+]1(CCCNc2cc3ncnc(Nc4cccc(Br)c4)c3cn2)CCOCC1,6.0
CHEMBL47986,O=CN/C=C/c1cc(O)ccc1O,5.698970004336019
CHEMBL30973,CN(C)C/C=C/C(=O)Nc1ccc2ncc(C#N)c(Nc3cccc(Br)c3)c2c1,6.508638306165727
CHEMBL113985,COc1cc(NC(=O)/C=C/CN2CCOCC2)cc2c(Nc3cccc(Br)c3)c(C#N)cnc12,5.268411234813262
CHEMBL419650,O=C(O)Cc1c(SSc2[nH]c3ccccc3c2CC(=O)O)[nH]c2ccccc12,4.991399828238082
CHEMBL327023,N#Cc1cnc2ccc(NC(=O)C#CCN3CCSCC3)cc2c1Nc1cccc(Br)c1,6.259637310505756
CHEMBL314416,CN1C(=S)C(CC(=O)O)c2ccccc21,4.0
CHEMBL311609,COC(=O)CCC1C(=S)N(C)c2ccccc21,4.0
CHEMBL115187,CCCN(CC#CC(=O)Nc1ccc2ncc(C#N)c(Nc3cccc(Br)c3)c2c1)CCC,6.886056647693163
CHEMBL92812,CNc1ccc2c(Nc3cccc(Br)c3)ncnc2c1,8.397940008672037
CHEMBL309276,O=C(O)CCC1C(S)=Nc2ccccc21,5.790484985457369
CHEMBL283682,CC#CC(=O)Nc1ccc2ncc(C#N)c(Nc3cccc(Br)c3)c2c1,6.026872146400302
CHEMBL129825,CN(C)CCCCNc1cc2ncnc(Nc3cccc(Br)c3)c2cn1,8.130768280269024
CHEMBL420624,Nc1ccc2c(Nc3cccc(Br)c3)ncnc2c1,10.0
CHEMBL332497,COc1cc2ncc(C#N)c(Nc3cccc(Br)c3)c2cc1NC(=O)/C=C/CN1CCOCC1,5.416801226031377
CHEMBL421047,CN(C)C/C=C/C(=O)Nc1cc2c(Nc3ccc(F)c(Cl)c3)c(C#N)cnc2cc1OC(F)(F)F,5.578396073130169
CHEMBL113901,COc1cc2ncc(C#N)c(Nc3ccc(F)c(Cl)c3)c2cc1NC(=O)/C=C/C(C)N(C)C,5.282329496997738
CHEMBL281300,C=CC(=O)Nc1ccc2ncc(C#N)c(Nc3cccc(Br)c3)c2c1,6.229147988357855
CHEMBL129579,OCC(O)C(O)C(O)C(O)CNc1cc2ncnc(Nc3cccc(Br)c3)c2cn1,8.318758762624412
CHEMBL126893,CN(C)CCCNc1cc2ncnc(Nc3cccc(Br)c3)c2cn1,8.05551732784983
CHEMBL127082,CNc1cc2ncnc(Nc3cccc(C)c3)c2cn1,8.853871964321762
CHEMBL309513,COC(=O)CCN1C(=S)C(CCC(=O)OC)(CCC(=O)OC)c2ccccc21,4.0
CHEMBL79970,O=C(O)Cc1c(SSSc2[nH]c3ccccc3c2CC(=O)O)[nH]c2ccccc12,5.031517051446065
CHEMBL81480,Cc1ccc2c(CCC(=O)O)c(SSc3[nH]c4cc(C)ccc4c3CCC(=O)O)[nH]c2c1,5.5376020021010435
CHEMBL82214,Cn1c(SSc2c(CCCC(=O)O)c3ccccc3n2C)c(CCCC(=O)O)c2ccccc21,5.080921907623926
CHEMBL128759,OCCN(CCO)c1cc2ncnc(Nc3cccc(Br)c3)c2cn1,7.920818753952375
CHEMBL79621,COC(=O)Cc1c(SSSc2[nH]c3ccccc3c2CC(=O)OC)[nH]c2ccccc12,4.455931955649724
CHEMBL84141,Cn1c(SSc2c(CC(=O)O)c3ccccc3n2C)c(CC(=O)O)c2ccccc21,4.275724130399211
CHEMBL126372,OCC(O)CNc1cc2ncnc(Nc3cccc(Br)c3)c2cn1,9.036212172654444
CHEMBL126372,OCC(O)CNc1cc2ncnc(Nc3cccc(Br)c3)c2cn1,6.6439741428068775
CHEMBL157128,COCC1CCCN1CC#CC(=O)Nc1ccc2ncc(C#N)c(Nc3cccc(Br)c3)c2c1,6.823908740944319
CHEMBL116853,COc1cc2ncc(C#N)c(Nc3cccc(Br)c3)c2cc1NC(=O)C#CCN(C)C,7.045757490560675
CHEMBL114728,CCOc1cc2ncc(C#N)c(Nc3cccc(Br)c3)c2cc1NC(=O)/C=C/CN(C)C,5.795880017344075
CHEMBL326811,C/C=C/C(=O)Nc1ccc2ncc(C#N)c(Nc3cccc(Br)c3)c2c1,5.790484985457369
CHEMBL53428,CN(C)c1cc2ncnc(Nc3cccc(Br)c3)c2cn1,10.045757490560675
CHEMBL53428,CN(C)c1cc2ncnc(Nc3cccc(Br)c3)c2cn1,7.853871964321762
CHEMBL125568,OCC(CO)Nc1cc2ncnc(Nc3cccc(Br)c3)c2cn1,7.853871964321762
CHEMBL129824,CN(C)CCCCCNc1cc2ncnc(Nc3cccc(Br)c3)c2cn1,8.075720713938118
CHEMBL114073,COc1cc2ncc(C#N)c(Nc3ccc(F)c(Cl)c3)c2cc1NC(=O)/C=C/C(C)N1CCOCC1,4.975104039892515
CHEMBL128432,CN(C)CCNc1cc2ncnc(Nc3cccc(Br)c3)c2cn1,7.346787486224656
CHEMBL79704,O=C(O)CCc1c(SSc2[nH]c3ccccc3c2CCC(=O)O)[nH]c2ccccc12,5.376750709602099
CHEMBL116525,CC#CC(=O)Nc1cc2c(Nc3cccc(Br)c3)c(C#N)cnc2cc1OC,6.040958607678906
CHEMBL323630,CN(C)C/C=C/C(=O)Nc1ccc2ncc(C#N)c(Nc3ccc(F)c(Cl)c3)c2c1,6.187086643357144
CHEMBL312247,COC(=O)CCC1(CCC(=O)OC)C(S)=Nc2ccccc21,4.0
CHEMBL424252,CCN(CC)C/C=C/C(=O)Nc1cc2c(Nc3ccc(F)c(Cl)c3)c(C#N)cnc2cc1OC,5.718966632752273
CHEMBL324718,C=CC(=O)Nc1cc2c(Nc3cccc(Br)c3)c(C#N)cnc2cc1OC,6.0915149811213505
CHEMBL114490,COc1cc2ncc(C#N)c(Nc3ccc(F)c(Cl)c3)c2cc1NC(=O)/C=C/CN(C)C,5.634512015109101
CHEMBL113902,C/C=C/C(=O)Nc1cc2c(Nc3ccc(F)c(Cl)c3)c(C#N)cnc2cc1OCC,5.1249387366083
CHEMBL114392,C=C(CN1CCOCC1)C(=O)Nc1ccc2ncc(C#N)c(Nc3ccc(F)c(Cl)c3)c2c1,5.568636235841013
CHEMBL94061,CN(C)C/C=C/C(=O)Nc1ccc2ncnc(Nc3cccc(Br)c3)c2c1,7.958607314841775
CHEMBL340399,Cc1cccc(Nc2ncnc3cc(NCCc4c[nH]cn4)ncc23)c1,8.142667503568731
CHEMBL52076,Nc1cc2ncnc(Nc3cccc(Br)c3)c2cn1,8.0
CHEMBL52076,Nc1cc2ncnc(Nc3cccc(Br)c3)c2cn1,6.958607314841775
CHEMBL127611,CN(CC(O)C(O)C(O)C(O)CO)c1cc2ncnc(Nc3cccc(Br)c3)c2cn1,8.494850021680094
CHEMBL82640,O=C(O)CCC1(CCC(=O)O)C(S)=Nc2ccccc21,4.0
CHEMBL81664,Cc1cccc2c(CCC(=O)O)c(SSc3[nH]c4c(C)cccc4c3CCC(=O)O)[nH]c12,5.823908740944319
CHEMBL113900,CC(C)N(CC#CC(=O)Nc1ccc2ncc(C#N)c(Nc3cccc(Br)c3)c2c1)C(C)C,6.6020599913279625
CHEMBL118000,N#Cc1cnc2ccc(NC(=O)/C=C/CN3CCOCC3)cc2c1Nc1ccc(F)c(Cl)c1,5.640164517660112
CHEMBL126623,Brc1cccc(Nc2ncnc3cc(NCCCN4CCOCC4)ncc23)c1,8.721246399047171
CHEMBL126623,Brc1cccc(Nc2ncnc3cc(NCCCN4CCOCC4)ncc23)c1,8.09151498112135
CHEMBL126903,CN(CC(=O)O)c1cc2ncnc(Nc3cccc(Br)c3)c2cn1,7.795880017344075
CHEMBL84143,Cn1c(SSc2c(CCC(=O)O)c3ccccc3n2C)c(CCC(=O)O)c2ccccc21,5.508638306165727
CHEMBL127086,O=C(O)CCNc1cc2ncnc(Nc3cccc(Br)c3)c2cn1,9.214670164989233
CHEMBL127086,O=C(O)CCNc1cc2ncnc(Nc3cccc(Br)c3)c2cn1,4.943095148663527
CHEMBL83429,O=C(O)CC1C(S)=Nc2ccccc21,4.826813731587726
CHEMBL312001,COC(=O)CC1C(S)=Nc2ccccc21,4.0
CHEMBL263788,COc1cc2ncc(C#N)c(Nc3cccc(Br)c3)c2cc1NC(=O)/C=C/CN(C)C,6.102372908709558
CHEMBL338175,O=C(O)CNc1cc2ncnc(Nc3cccc(Br)c3)c2cn1,8.823908740944319
CHEMBL83838,COC(=O)Cc1c(SSc2[nH]c3ccccc3c2CC(=O)OC)[nH]c2ccccc12,4.7447274948966935
CHEMBL414631,COCOC#CC(=O)Nc1ccc2ncc(C#N)c(Nc3cccc(Br)c3)c2c1,6.481486060122113
CHEMBL355330,Nc1ncnc2c1c(-c1cccc(O)c1)cn2C1CCC1,6.522878745280337
CHEMBL543457,CN(C)CCNc1[nH]cnc2c3ccccc3nc1-2.Cl,4.0
CHEMBL170724,COc1ccc(-c2cn(C3CCCC3)c3ncnc(N)c23)cc1,6.2441251443275085
CHEMBL168550,COc1cccc(-c2cn(C3CC(CNCCO)C3)c3ncnc(N)c23)c1,6.309803919971486
CHEMBL153525,Brc1cccc(Nc2ncnc3ccc4cc[nH]c4c23)c1,8.906578314837764
CHEMBL3085277,C[C@H](Nc1ncnc2c1sc1ccccc12)c1ccccc1,6.269217724333611
CHEMBL152905,Nc1ccc2sc3c(Nc4cccc(Br)c4)ncnc3c2c1,9.568636235841012
CHEMBL152905,Nc1ccc2sc3c(Nc4cccc(Br)c4)ncnc3c2c1,7.0655015487564325
CHEMBL100714,COc1ccc(Nc2ncnc3cc(OC)c(OC)cc23)cc1OC,5.552841968657781
CHEMBL168555,COc1ccc(CC(CO)n2cc(-c3cccc(OC)c3)c3c(N)ncnc32)cc1,5.013228265733755
CHEMBL168382,COc1cccc(-c2cn(C3CCCC3)c3ncnc(N)c23)c1,6.337242168318426
CHEMBL168285,Nc1ncnc2c1c(-c1ccccc1)cn2C1CCC(O)C1,6.102372908709558
CHEMBL352801,COc1cccc(-c2cn(C3CC(CO)C3)c3ncnc(N)c23)c1,6.376750709602099
CHEMBL95692,COc1nccc(-c2c(-c3ccc(F)cc3)ncn2C2CCNCC2)n1,8.0
CHEMBL357326,CCOC(C)=O.CN(C)CCNc1[nH]cnc2nc3ccccc3c1-2,5.0
CHEMBL448730,CCN(CC)CCn1c2ccccc2c2c(Nc3cccc(Br)c3)ncnc21,5.3872161432802645
CHEMBL544867,Cc1cccc(Nc2ncnc3c2sc2ccc([N+](=O)[O-])cc23)c1.Cl,7.958607314841775
CHEMBL538814,Cl.O=[N+]([O-])c1ccc2sc3c(Nc4cccc(C(F)(F)F)c4)ncnc3c2c1,6.337242168318426
CHEMBL431818,COc1ccc(Oc2ncnc3cc(OC)c(OC)cc23)cc1OC,4.0
CHEMBL348003,c1ccc2c3nc[nH]c(NC4CCCCC4)c-3nc2c1,4.0
CHEMBL542755,COc1cccc2sc3c(Nc4cccc(Br)c4)ncnc3c12.Cl,7.698970004336019
CHEMBL153206,COc1ccc2[nH]c3ncnc(Nc4cccc(Br)c4)c3c2c1,8.920818753952375
CHEMBL153206,COc1ccc2[nH]c3ncnc(Nc4cccc(Br)c4)c3c2c1,7.886056647693163
CHEMBL346846,COc1ccc2c(c1)sc1c(Nc3cccc(Br)c3)ncnc12,7.096910013008056
CHEMBL169467,COc1ccc(CC(CO)n2cc(-c3cccc(O)c3)c3c(N)ncnc32)cc1,5.468521082957745
CHEMBL168266,Nc1ncnc2c1c(-c1ccccc1)cn2C1CC(O)C1,5.549750891680639
CHEMBL153739,CN(C)c1ccc2sc3c(Nc4cccc(Br)c4)ncnc3c2c1,7.703334809738469
CHEMBL354310,COc1cccc(-c2cn(C3CC(C(=O)NCCO)C3)c3ncnc(N)c23)c1,6.481486060122113
CHEMBL152984,Cn1c2ccccc2c2c(Nc3cccc(Br)c3)ncnc21,6.129596094720973
CHEMBL152984,Cn1c2ccccc2c2c(Nc3cccc(Br)c3)ncnc21,6.114073660198569
CHEMBL555739,Cc1nc(Nc2cccc(Br)c2)c2c(n1)[nH]c1ccccc12.Cl,5.0
CHEMBL544640,Cl.c1ccc(Nc2[nH]cnc3c4ccccc4nc2-3)cc1,5.675717544702307
CHEMBL150280,c1ccc(Nc2[nH]cnc3nc4ccccc4c2-3)cc1,6.578396073130169
CHEMBL553351,Cl.O=[N+]([O-])c1ccc2sc3c(Nc4cccc(Br)c4)ncnc3c2c1,7.910094888560602
CHEMBL150390,Clc1cccc(Nc2ncnc3c2sc2ncccc23)c1,6.0
CHEMBL98248,COc1cc2nccc(Nc3cccc(Br)c3)c2cc1OC,6.431798275933005
CHEMBL98798,COc1cc2ncnc(Oc3cccc(Br)c3)c2cc1OC,7.154901959985743
CHEMBL423224,Brc1cccc(Nc2[nH]cnc3nc4ccccc4c2-3)c1,7.508638306165727
CHEMBL423224,Brc1cccc(Nc2[nH]cnc3nc4ccccc4c2-3)c1,6.200659450546418
CHEMBL347282,Nc1ccc2sc3c(Nc4cccc(C(F)(F)F)c4)ncnc3c2c1,7.327902142064283
CHEMBL357097,c1ccc(CNc2[nH]cnc3c4ccccc4nc2-3)cc1,6.337242168318426
CHEMBL346863,Brc1cccc(Nc2ncnc3c2sc2ncsc23)c1.CO,7.3979400086720375
CHEMBL101581,COc1cc2nccc(Oc3cccc(Br)c3)c2cc1OC,5.6020599913279625
CHEMBL169570,Nc1ncnc2c1c(-c1ccc(O)cc1)cn2C1CCCC1,6.6020599913279625
CHEMBL415738,Cc1cccc(Nc2cc(NCCO)ncn2)c1,9.0
CHEMBL153409,Brc1cccc(Nc2ncnc3c2sc2ncccc23)c1,6.135488918941608
CHEMBL171256,COc1ccc(CC(CO)n2cc(-c3ccccc3)c3c(N)ncnc32)cc1,4.841637507904751
CHEMBL329672,Clc1cccc(Nc2ncnc3ccccc23)c1,7.638272163982407
CHEMBL29197,COc1cc2ncnc(Nc3cccc(Br)c3)c2cc1OC,8.397940008672037
CHEMBL166765,Nc1ncnc2c1c(-c1ccc(O)cc1)cn2C1CCC1,6.221848749616356
CHEMBL553137,Cl.Cn1c2ccccc2c2ncnc(Nc3cccc(Br)c3)c21,6.87942606879415
CHEMBL169390,Nc1ncnc2c1c(-c1cccc(O)c1)cn2C1CCCC1,7.096910013008056
CHEMBL40734,Brc1cccc(Nc2ncnc3cc4[nH]ccc4cc23)c1,9.4089353929735
CHEMBL153170,Brc1cccc(Nc2ncnc3ccc4[nH]cnc4c23)c1,7.5376020021010435
CHEMBL355982,Brc1cccc(Nc2ncnc3sccc23)c1,7.455931955649724
CHEMBL345988,Nc1nc(Nc2cccc(Br)c2)c2c(n1)[nH]c1ccccc12,6.8326826652518236
CHEMBL345988,Nc1nc(Nc2cccc(Br)c2)c2c(n1)[nH]c1ccccc12,6.30715308072277
CHEMBL153518,CCN(CC)CCn1c2ccc(OC)cc2c2c(Nc3cccc(Br)c3)ncnc21,5.369572124974976
CHEMBL544868,Cl.O=[N+]([O-])c1ccc2sc3c(Nc4ccccc4)ncnc3c2c1,7.236572006437063
CHEMBL97162,COc1nccc(-c2c(-c3ccc(F)cc3)ncn2[C@H]2CC[C@H](O)CC2)n1,7.080921907623926
CHEMBL345294,Brc1cccc(Nc2ncnc3ccsc23)c1,7.958607314841775
CHEMBL2093928,C[C@H](Nc1[nH]cnc2c3ccccc3nc1-2)c1ccccc1.Cl,6.377785977033705
CHEMBL155278,Cc1cccc(Nc2ncnc3c2sc2ccc(N)cc23)c1,8.67778070526608
CHEMBL155278,Cc1cccc(Nc2ncnc3c2sc2ccc(N)cc23)c1,7.008773924307505
CHEMBL149512,Brc1cccc(Nc2ncnc3c2oc2ccccc23)c1,6.130768280269024
CHEMBL98137,COc1ccc(Nc2ccnc3cc(OC)c(OC)cc23)cc1OC,4.094204119632131
CHEMBL170438,Nc1ncnc2c1c(-c1ccccc1)cn2C(CO)Cc1ccc(O)cc1,4.87942606879415
CHEMBL539822,Cl.Nc1ccc2c(c1)sc1c(Nc3cccc(Br)c3)ncnc12,9.327902142064282
CHEMBL540082,Cl.O=[N+]([O-])c1cccc2c1sc1c(Nc3cccc(Br)c3)ncnc12,6.801342913045577
CHEMBL356850,Brc1cccc(Nc2ncnc3c2sc2ccccc23)c1,8.744727494896694
CHEMBL356850,Brc1cccc(Nc2ncnc3c2sc2ccccc23)c1,6.769551078621726
CHEMBL357367,CCO.Nc1ccc2sc3c(Nc4ccccc4)ncnc3c2c1,8.0268721464003
CHEMBL151593,CO.Nc1cccc2c1sc1c(Nc3cccc(Br)c3)ncnc12,8.568636235841012
CHEMBL153419,c1ccc(CNc2ncnc3c2sc2ccccc23)cc1,6.718966632752273
CHEMBL153573,Nc1cc2sc3c(Nc4cccc(Br)c4)ncnc3c2cc1F,9.0
CHEMBL153573,Nc1cc2sc3c(Nc4cccc(Br)c4)ncnc3c2cc1F,7.376750709602099
CHEMBL357570,CCNc1cc2sc3c(Nc4cccc(Br)c4)ncnc3c2cc1F.CCO,8.102372908709558
CHEMBL357570,CCNc1cc2sc3c(Nc4cccc(Br)c4)ncnc3c2cc1F.CCO,7.070581074285707
CHEMBL352954,Nc1ncnc2c1c(-c1ccccc1)cn2C1CCCC1,6.301029995663981
CHEMBL554983,Brc1cccc(Nc2[nH]cnc3c4ccccc4nc2-3)c1.Cl,7.142667503568731
CHEMBL554983,Brc1cccc(Nc2[nH]cnc3c4ccccc4nc2-3)c1.Cl,7.031517051446065
CHEMBL358934,CCO.CNc1ccc2sc3c(Nc4cccc(Br)c4)ncnc3c2c1,8.958607314841775
CHEMBL358934,CCO.CNc1ccc2sc3c(Nc4cccc(Br)c4)ncnc3c2c1,7.481486060122112
CHEMBL355191,COc1cccc(-c2cn(C3CCC3)c3ncnc(N)c23)c1,6.346787486224656
CHEMBL540590,Cl.O=[N+]([O-])c1ccc2c(c1)sc1c(Nc3cccc(Br)c3)ncnc12,7.318758762624412
CHEMBL544865,COc1cc2sc3c(Nc4cccc(Br)c4)ncnc3c2cc1OC.Cl,6.35261702988538
CHEMBL66031,Brc1cccc(Nc2ncnc3cc4[nH]cnc4cc23)c1,11.096910013008056
CHEMBL555921,COc1cccc2c1sc1c(Nc3cccc(Br)c3)ncnc12.Cl,7.8996294548824375
CHEMBL327300,COc1ccc(Oc2ccnc3cc(OC)c(OC)cc23)cc1OC,4.0
CHEMBL327300,COc1ccc(Oc2ccnc3cc(OC)c(OC)cc23)cc1OC,5.0
CHEMBL171311,Nc1ncnc2c1c(-c1ccccc1)cn2C(CO)Cc1ccccc1,6.356547323513812
CHEMBL166766,Nc1ncnc2c1c(-c1ccccc1)cn2C1CCC1,6.136677139879544
CHEMBL155100,Brc1cccc(Nc2ncnc3c2ccc2[nH]cnc23)c1,6.565431095965801
CHEMBL2094036,C[C@@H](Nc1[nH]cnc2c3ccccc3nc1-2)c1ccccc1.Cl,4.0
CHEMBL169780,Nc1ncnc2c1c(-c1cccc(O)c1)cn2C1CCN(CCO)CC1,5.5951662833800615
CHEMBL169780,Nc1ncnc2c1c(-c1cccc(O)c1)cn2C1CCN(CCO)CC1,5.0
CHEMBL355269,COc1cccc(-c2cn(C3CCN(CC(=O)N(C)C)CC3)c3ncnc(N)c23)c1,6.1249387366083
CHEMBL169200,COc1cccc(-c2cn(C3CCN(CCO)CC3)c3ncnc(N)c23)c1,6.045757490560675
CHEMBL169200,COc1cccc(-c2cn(C3CCN(CCO)CC3)c3ncnc(N)c23)c1,5.0
CHEMBL168829,Nc1ncnc2c1c(-c1ccccc1)cn2C1CCNC1,4.872895201635193
CHEMBL262276,COC(=O)CN1CCC(n2cc(-c3cccc(O)c3)c3c(N)ncnc32)CC1,6.096910013008056
CHEMBL262276,COC(=O)CN1CCC(n2cc(-c3cccc(O)c3)c3c(N)ncnc32)CC1,5.0
CHEMBL303144,C[C@H](Nc1cc(-c2c(-c3cccc(C(F)(F)F)c3)nc(C3CCNCC3)n2C)ccn1)c1ccccc1,5.0
CHEMBL169920,CN(C)C(=O)CN1CCC(n2cc(-c3cccc(O)c3)c3c(N)ncnc32)CC1,6.301029995663981
CHEMBL169920,CN(C)C(=O)CN1CCC(n2cc(-c3cccc(O)c3)c3c(N)ncnc32)CC1,5.0
CHEMBL408683,NC(=O)CN1CCC(n2cc(-c3cccc(O)c3)c3c(N)ncnc32)C1,6.3979400086720375
CHEMBL408683,NC(=O)CN1CCC(n2cc(-c3cccc(O)c3)c3c(N)ncnc32)C1,5.0
CHEMBL355891,COC(=O)CN1CCC(n2cc(-c3cccc(OC)c3)c3c(N)ncnc32)C1,6.080921907623926
CHEMBL168661,COc1cccc(-c2cn(C3CCN(CCN(C)CCO)CC3)c3ncnc(N)c23)c1,6.530177984021837
CHEMBL168661,COc1cccc(-c2cn(C3CCN(CCN(C)CCO)CC3)c3ncnc(N)c23)c1,5.107905397309519
CHEMBL305178,C[C@H](Nc1nccc(-c2c(-c3cccc(C(F)(F)F)c3)nc(C3CCNCC3)n2C)n1)c1ccccc1,5.0
CHEMBL355019,COC(=O)CN1CCC(n2cc(-c3cccc(O)c3)c3c(N)ncnc32)C1,6.130768280269024
CHEMBL355019,COC(=O)CN1CCC(n2cc(-c3cccc(O)c3)c3c(N)ncnc32)C1,5.0
CHEMBL172514,COCCNCCN1CCC(n2cc(-c3cccc(OC)c3)c3c(N)ncnc32)CC1,6.508638306165727
CHEMBL172514,COCCNCCN1CCC(n2cc(-c3cccc(OC)c3)c3c(N)ncnc32)CC1,5.0
CHEMBL354033,Nc1ncnc2c1c(-c1ccc(O)cc1)cn2C1CCNC1,5.573488738635425
CHEMBL355322,COc1cccc(-c2cn(C3CCN(CC(N)=O)C3)c3ncnc(N)c23)c1,6.356547323513812
CHEMBL169519,COc1cccc(-c2cn(C3CCNC3)c3ncnc(N)c23)c1,5.950781977329818
CHEMBL263528,NC(=O)CN1CCC(n2cc(-c3cccc(O)c3)c3c(N)ncnc32)CC1,6.769551078621726
CHEMBL263528,NC(=O)CN1CCC(n2cc(-c3cccc(O)c3)c3c(N)ncnc32)CC1,5.0
CHEMBL274732,COCCN(C)CCN1CCC(n2cc(-c3cccc(OC)c3)c3c(N)ncnc32)CC1,6.031517051446065
CHEMBL274732,COCCN(C)CCN1CCC(n2cc(-c3cccc(OC)c3)c3c(N)ncnc32)CC1,5.0
CHEMBL171545,Nc1ncnc2c1c(-c1cccc(O)c1)cn2C1CCNC1,5.815308569182402
CHEMBL171545,Nc1ncnc2c1c(-c1cccc(O)c1)cn2C1CCNC1,5.0
CHEMBL169064,COc1cccc(-c2cn(C3CCN(CC(N)=O)CC3)c3ncnc(N)c23)c1,6.455931955649724
CHEMBL168921,CC(C)(C)OC(=O)N1CCC(n2cc(-c3cccc(O)c3)c3c(N)ncnc32)C1,5.657577319177793
CHEMBL168921,CC(C)(C)OC(=O)N1CCC(n2cc(-c3cccc(O)c3)c3c(N)ncnc32)C1,5.0
CHEMBL169065,COC(=O)CN1CCC(n2cc(-c3cccc(OC)c3)c3c(N)ncnc32)CC1,5.8326826652518236
CHEMBL10,C[S+]([O-])c1ccc(-c2nc(-c3ccc(F)cc3)c(-c3ccncc3)[nH]2)cc1,4.017728766960431
CHEMBL353823,CC(C)(C)OC(=O)N1CCC(n2cc(-c3ccccc3)c3c(N)ncnc32)C1,5.080921907623926
